StateFIPS,State,Year,ANNUAL_MEDIAN_HOUSEHOLD_INCOME,ER_visits_hri_age_0_4,ER_visits_hri_age_5_14,ER_visits_hri_age_15_34,ER_visits_hri_age_35_64,ER_visits_hri_age_over_65,total_ER_visits,days_over_90_degrees,days_over_95_degrees,days_over_100_degrees,days_over_105_degrees,num_counties,HSP_visits_age_0_4,HSP_visits_age_5_14,HSP_visits_age_15_34,HSP_visits_age_35_64,HSP_visits_age_over_65,total_HS,HE_over_90_degrees,HE_over_95_degrees,HE_over_100_degrees,HE_over_105_degrees,mortality_HRI,worker_HRI_cases
04,Arizona,2011,46710,40,113,708,862,201,1924,1436,935,532,283,15,1,2,76,255,158,492,1405,895,516,271,117,90
04,Arizona,2012,47796,27,117,744,813,230,1931,1486,957,540,224,15,0,6,92,236,130,464,1460,931,523,214,109,110
04,Arizona,2013,48504,37,98,694,762,217,1808,1191,780,459,183,15,5,1,74,249,133,462,1166,766,443,168,92,100
04,Arizona,2014,50036,33,99,631,746,219,1728,1158,730,406,132,15,1,1,87,195,122,406,1121,713,387,107,69,70
04,Arizona,2015,51473,24,86,745,854,269,1978,1294,807,493,230,15,3,2,77,269,136,487,1260,788,480,210,93,110
04,Arizona,2016,53481,27,102,918,1092,344,2483,1290,823,474,252,15,0,3,101,258,165,527,1252,794,456,242,177,110
04,Arizona,2017,56508,29,110,922,1182,391,2634,1346,846,534,255,15,0,2,114,345,192,653,1310,829,521,245,221,140
04,Arizona,2018,59079,30,104,907,1188,363,2592,1442,928,547,234,15,2,2,116,332,212,664,1417,903,529,218,187,80
04,Arizona,2019,62027,35,103,883,1179,372,2572,1265,833,480,252,15,2,2,101,323,210,638,1235,809,468,239,212,120
04,Arizona,2020,64652,10,41,644,995,381,2071,1713,1175,706,351,15,0,5,135,415,243,798,1690,1150,686,333,373,170
06,California,2011,57275,104,337,1348,1495,577,3861,2448,1504,695,199,58,5,9,72,198,132,416,2381,1437,654,175,26,250
06,California,2012,58322,149,414,1594,1920,882,4959,3403,2285,1225,493,58,10,11,78,251,228,578,3292,2200,1146,448,61,250
06,California,2013,60185,151,408,1615,2031,891,5096,3042,1993,1099,455,58,5,9,89,269,198,570,2941,1908,1028,424,66,250
06,California,2014,61927,153,437,1603,2025,875,5093,3811,2458,1349,501,58,5,8,93,279,202,587,3702,2368,1278,437,47,380
06,California,2015,64483,159,360,1757,2091,942,5309,3481,2281,1239,544,58,4,6,97,246,245,598,3390,2194,1165,495,49,270
06,California,2016,67715,86,340,1717,2141,1090,5374,3086,2041,1144,436,58,3,4,112,325,312,756,3004,1961,1094,393,67,220
06,California,2017,71785,128,519,2413,3174,1853,8087,3385,2233,1377,686,58,2,11,155,549,586,1303,3293,2142,1332,641,98,480
06,California,2018,75250,94,353,1836,2535,1458,6276,3326,2228,1392,733,58,3,3,130,507,484,1127,3232,2151,1327,697,98,280
06,California,2019,80423,77,336,1557,2232,1183,5385,2536,1563,767,305,58,5,9,96,349,337,796,2447,1504,703,281,57,400
06,California,2020,83001,29,88,1436,2345,1181,5079,4080,2789,1734,828,58,6,8,138,442,407,1001,3978,2699,1684,770,128,240
08,Colorado,2013,58942,17,39,121,96,29,302,1521,651,139,19,64,0,0,11,12,19,42,1408,574,104,4,Suppressed,No Data
08,Colorado,2014,61324,8,18,95,87,29,237,857,306,53,0,64,0,0,2,7,6,15,751,250,24,0,Suppressed,No Data
08,Colorado,2015,63945,9,36,130,132,48,355,1137,354,22,0,64,1,0,5,23,15,44,973,259,4,0,Suppressed,No Data
08,Colorado,2016,65718,14,46,171,160,76,467,1248,447,68,0,64,1,0,7,16,17,41,1137,332,49,0,Suppressed,No Data
08,Colorado,2017,69113,11,25,127,106,54,323,951,289,40,0,64,0,0,5,9,21,35,834,195,16,0,Suppressed,No Data
08,Colorado,2018,71949,13,30,165,178,70,456,1671,595,108,8,64,0,0,8,23,16,47,1509,484,88,6,Suppressed,No Data
08,Colorado,2019,77104,7,27,137,159,59,389,1440,553,104,5,64,1,0,4,18,24,47,1286,455,80,2,Suppressed,No Data
08,Colorado,2020,77688,1,10,90,131,70,302,1880,863,160,0,64,0,0,4,22,16,42,1748,754,83,0,11,No Data
09,Connecticut,2011,65822,2,31,120,143,32,328,21,2,0,0,8,0,0,6,15,22,43,20,0,0,0,Suppressed,No Data
09,Connecticut,2012,67275,15,56,216,223,77,587,18,0,0,0,8,1,0,8,25,24,58,6,0,0,0,Suppressed,40
09,Connecticut,2013,67262,16,56,218,257,104,651,30,0,0,0,8,0,0,7,30,31,68,24,0,0,0,Suppressed,30
09,Connecticut,2014,70007,10,25,90,115,34,274,8,0,0,0,8,1,0,7,12,6,26,0,0,0,0,Suppressed,No Data
09,Connecticut,2015,71333,10,28,123,135,52,348,6,0,0,0,8,0,0,5,14,13,32,0,0,0,0,0,20
09,Connecticut,2016,73380,12,36,155,161,76,440,22,0,0,0,8,0,1,7,22,15,45,9,0,0,0,Suppressed,No Data
09,Connecticut,2017,74428,14,46,110,141,50,361,0,0,0,0,8,0,1,5,16,23,45,0,0,0,0,Suppressed,20
09,Connecticut,2018,76366,4,36,181,238,89,548,22,0,0,0,8,1,2,10,25,19,57,14,0,0,0,Suppressed,No Data
09,Connecticut,2019,78920,7,41,166,209,69,492,13,0,0,0,8,0,0,7,22,16,45,10,0,0,0,Suppressed,No Data
09,Connecticut,2020,79723,4,14,98,129,59,304,11,0,0,0,8,0,0,1,22,18,41,6,0,0,0,Suppressed,No Data
12,Florida,2011,44250,55,262,1536,1817,594,4264,5696,1826,229,2,67,4,4,150,355,224,737,5407,1634,157,0,16,No Data
12,Florida,2012,45006,51,205,1243,1542,501,3542,3089,285,17,0,67,2,11,122,292,162,589,2757,201,17,0,17,No Data
12,Florida,2013,46021,69,192,1283,1456,475,3475,2016,28,0,0,67,2,8,127,249,151,537,1678,4,0,0,16,No Data
12,Florida,2014,47439,70,254,1662,1902,645,4533,4329,1240,110,0,67,3,9,182,360,180,734,4034,1078,95,0,18,No Data
12,Florida,2015,49416,58,218,1987,2239,707,5209,3386,205,1,0,67,3,8,217,399,204,831,3100,154,0,0,18,No Data
12,Florida,2016,50857,57,311,2337,2818,961,6484,3807,309,0,0,67,4,3,294,565,246,1112,3499,245,0,0,29,No Data
12,Florida,2017,52582,64,278,2085,2769,1151,6347,2740,221,6,0,67,6,4,247,497,331,1085,2384,181,0,0,42,No Data
12,Florida,2018,55433,71,277,1960,2495,950,5753,2482,8,0,0,67,6,10,230,489,264,999,2136,0,0,0,15,No Data
12,Florida,2019,59198,56,285,2336,3014,1113,6804,4010,490,0,0,67,3,4,307,579,311,1204,3710,431,0,0,27,No Data
12,Florida,2020,61724,16,110,1570,2118,947,4761,4109,328,7,0,67,0,2,242,432,277,953,3787,233,6,0,41,No Data
19,Iowa,2011,49545,16,98,579,586,192,1471,5131,2988,1447,667,99,0,1,15,54,33,103,4772,2606,1202,495,Suppressed,160
19,Iowa,2012,50997,13,66,603,564,194,1440,6717,4842,2786,1339,99,1,0,17,53,31,102,6391,4607,2488,1228,10,30
19,Iowa,2013,52286,11,45,352,367,128,903,4117,2110,1144,297,99,0,1,7,30,19,57,3658,1809,916,110,Suppressed,80
19,Iowa,2014,53816,9,33,203,181,78,504,3324,1260,372,117,99,0,0,1,9,2,12,2890,1004,221,70,Suppressed,No Data
19,Iowa,2015,54843,14,56,295,297,112,774,1654,218,20,0,99,0,1,5,21,4,31,1194,98,4,0,Suppressed,20
19,Iowa,2016,56354,14,71,456,471,160,1172,2675,501,28,0,99,0,0,7,26,19,52,2220,282,6,0,Suppressed,50
19,Iowa,2017,58706,18,59,344,357,138,916,3346,1073,334,53,99,0,0,2,6,6,14,2990,854,229,9,Suppressed,80
19,Iowa,2018,60071,17,71,415,466,203,1172,3194,1087,243,13,99,0,0,0,8,4,12,2818,854,161,4,Suppressed,30
19,Iowa,2019,61807,13,63,337,394,160,967,1265,85,6,0,99,0,1,11,16,26,54,934,24,0,0,Suppressed,No Data
19,Iowa,2020,62362,9,30,256,394,149,838,2907,1177,461,17,99,0,1,6,28,9,44,2497,1055,398,9,Suppressed,60
20,Kansas,2011,48844,8,60,393,483,159,1103,10202,8127,5614,2610,105,1,0,28,89,62,180,9770,7841,5194,2244,37,70
20,Kansas,2012,50140,10,64,367,356,97,894,10271,7081,4548,2299,105,0,2,20,47,53,122,9866,6385,4198,2110,11,70
20,Kansas,2013,50892,3,40,239,260,82,624,8442,5351,2411,568,105,0,1,13,46,43,103,8111,5015,2157,322,Suppressed,50
20,Kansas,2014,52392,6,33,242,236,62,579,9365,5905,2945,808,105,0,0,15,27,22,64,8773,5256,2543,615,Suppressed,20
20,Kansas,2015,53802,10,45,297,343,118,813,7276,3527,841,63,105,0,0,9,42,29,80,6775,3074,575,20,Suppressed,140
20,Kansas,2016,54828,9,53,412,465,133,1072,7672,3699,1023,89,105,0,0,21,62,30,113,7403,3380,766,59,Suppressed,80
20,Kansas,2017,56382,7,54,292,317,124,794,6395,3089,849,104,105,1,4,15,46,38,104,5909,2645,623,63,Suppressed,30
20,Kansas,2018,58150,19,56,344,489,198,1106,9066,4635,1492,140,105,1,0,24,53,49,127,8553,4222,1249,92,Suppressed,40
20,Kansas,2019,62028,13,58,366,437,174,1048,5578,1842,488,51,105,1,3,26,52,43,125,4954,1506,387,35,Suppressed,50
20,Kansas,2020,63214,3,29,247,340,152,771,7553,3654,832,51,105,1,0,17,45,32,95,7068,3325,529,9,Suppressed,30
21,Kentucky,2011,41141,18,128,829,1029,247,2251,3110,484,36,0,120,0,3,37,156,90,286,2698,336,18,0,17,120
21,Kentucky,2012,41717,19,89,696,867,209,1880,4673,1855,616,132,120,1,3,36,108,60,208,4383,1686,548,108,Suppressed,90
21,Kentucky,2013,43307,0,0,19,55,32,106,1481,224,25,0,120,0,0,22,66,38,126,1218,159,24,0,Suppressed,50
21,Kentucky,2014,42914,8,64,480,579,144,1275,3980,1270,281,15,120,0,3,15,60,18,96,3401,1056,238,14,Suppressed,40
21,Kentucky,2015,45178,17,66,498,692,206,1479,1474,112,0,0,120,1,0,17,70,43,131,1236,80,0,0,Suppressed,60
21,Kentucky,2016,46610,12,67,667,908,252,1906,2621,44,0,0,120,0,0,42,104,34,180,2053,8,0,0,Suppressed,70
21,Kentucky,2017,48332,8,53,415,573,151,1200,1656,142,0,0,120,0,0,19,59,35,113,1298,91,0,0,Suppressed,20
21,Kentucky,2018,50189,14,96,719,985,292,2106,2334,165,0,0,120,0,1,31,94,55,181,2000,97,0,0,10,50
21,Kentucky,2019,52256,20,115,580,886,280,1881,2342,64,0,0,120,1,1,20,78,50,150,1977,49,0,0,Suppressed,20
21,Kentucky,2020,54074,11,33,382,610,178,1214,1263,2,0,0,120,0,0,21,62,40,123,901,0,0,0,Suppressed,40
22,Louisiana,2011,41804,22,141,1095,1356,327,2941,8327,5475,2836,758,64,3,3,52,169,63,290,8104,5302,2705,649,17,90
22,Louisiana,2012,42998,21,84,914,1059,249,2327,6259,2721,985,121,64,0,3,42,116,48,209,5966,2521,887,102,13,80
22,Louisiana,2013,44234,14,84,873,1019,237,2227,5980,2996,1037,145,64,2,0,37,99,37,175,5647,2840,928,118,Suppressed,80
22,Louisiana,2014,44680,22,91,1000,990,219,2322,6833,3252,1098,115,64,1,0,48,100,37,186,6579,3050,1000,73,Suppressed,50
22,Louisiana,2015,45829,20,110,1111,1284,311,2836,5155,1383,138,22,64,1,4,63,131,44,243,4905,1190,112,22,10,50
22,Louisiana,2016,45374,19,109,1093,1465,315,3001,4642,469,0,0,64,0,2,54,133,66,255,4371,383,0,0,11,80
22,Louisiana,2017,46283,16,80,678,886,251,1911,3088,211,4,0,64,0,0,30,76,35,141,2791,144,0,0,Suppressed,60
22,Louisiana,2018,48021,17,137,1086,1341,390,2971,6090,1917,225,15,64,0,3,38,111,67,219,5876,1750,161,11,20,90
22,Louisiana,2019,51108,16,102,1187,1713,441,3459,5723,1244,90,0,64,0,1,64,151,77,293,5380,1074,80,0,12,60
22,Louisiana,2020,51730,7,42,760,1164,372,2345,3968,466,0,0,64,0,0,36,98,38,172,3504,344,0,0,14,20
23,Maine,2011,46160,2,13,79,109,50,253,0,0,0,0,16,0,1,1,9,16,27,0,0,0,0,0,No Data
23,Maine,2012,46856,6,9,63,68,40,186,0,0,0,0,16,0,0,1,7,2,10,0,0,0,0,Suppressed,20
23,Maine,2013,47095,5,21,91,119,49,285,1,0,0,0,16,0,0,2,5,10,17,0,0,0,0,Suppressed,No Data
23,Maine,2014,49381,2,8,69,69,26,174,0,0,0,0,16,0,0,0,2,5,7,0,0,0,0,0,No Data
23,Maine,2015,51419,3,15,69,71,42,200,0,0,0,0,16,0,0,1,4,5,10,0,0,0,0,0,No Data
23,Maine,2016,52926,5,10,54,73,43,185,6,0,0,0,16,1,0,0,3,2,6,2,0,0,0,Suppressed,20
23,Maine,2017,55980,1,17,75,64,42,199,0,0,0,0,16,0,0,3,3,4,10,0,0,0,0,0,No Data
23,Maine,2018,55579,4,22,114,106,75,321,0,0,0,0,16,0,0,5,7,13,25,0,0,0,0,Suppressed,No Data
23,Maine,2019,58824,1,10,78,86,58,233,0,0,0,0,16,0,0,1,3,4,8,0,0,0,0,Suppressed,20
23,Maine,2020,59145,4,9,87,73,55,228,0,0,0,0,16,0,0,2,6,8,16,0,0,0,0,0,No Data
24,Maryland,2011,70075,23,148,371,517,203,1262,515,138,29,2,24,0,0,14,99,73,186,461,102,12,0,34,80
24,Maryland,2012,71169,30,129,513,638,328,1638,691,235,44,0,24,2,1,30,97,132,262,637,152,14,0,43,90
24,Maryland,2013,72482,18,66,320,404,124,932,271,32,0,0,24,1,0,17,50,34,102,224,24,0,0,17,50
24,Maryland,2014,73851,20,36,249,291,106,702,410,104,2,0,24,0,0,9,29,22,60,312,27,0,0,Suppressed,20
24,Maryland,2015,75784,24,89,338,387,122,960,127,0,0,0,24,0,4,17,36,20,77,78,0,0,0,Suppressed,60
24,Maryland,2016,78787,23,124,448,620,244,1459,413,27,0,0,24,0,0,24,72,51,147,321,8,0,0,29,60
24,Maryland,2017,80711,14,65,300,389,162,930,185,21,0,0,24,0,0,12,54,25,91,129,18,0,0,Suppressed,20
24,Maryland,2018,83076,23,90,478,563,283,1437,191,0,0,0,24,0,0,30,69,67,166,160,0,0,0,30,130
24,Maryland,2019,86644,16,77,403,526,272,1294,297,37,0,0,24,0,0,28,56,48,132,203,28,0,0,25,130
24,Maryland,2020,88589,9,31,255,370,177,842,314,20,0,0,24,0,1,15,54,43,113,249,15,0,0,28,40
25,Massachusetts,2011,63126,10,62,278,273,117,740,26,6,0,0,14,0,0,14,32,35,81,26,0,0,0,Suppressed,20
25,Massachusetts,2012,65378,19,66,278,346,177,886,39,0,0,0,14,1,0,16,34,52,103,30,0,0,0,0,No Data
25,Massachusetts,2013,66794,20,88,411,500,211,1230,64,2,0,0,14,0,1,20,59,48,128,43,0,0,0,Suppressed,20
25,Massachusetts,2014,69200,9,62,227,210,92,600,43,0,0,0,14,0,0,7,25,17,49,27,0,0,0,Suppressed,No Data
25,Massachusetts,2015,70659,18,50,250,242,120,680,22,1,0,0,14,1,2,11,13,31,58,14,0,0,0,0,No Data
25,Massachusetts,2016,75207,13,55,289,283,148,788,70,0,0,0,14,1,0,25,37,26,89,37,0,0,0,Suppressed,60
25,Massachusetts,2017,77385,10,39,204,249,137,639,0,0,0,0,14,0,0,10,48,34,92,0,0,0,0,Suppressed,No Data
25,Massachusetts,2018,79817,8,61,352,406,239,1066,64,6,0,0,14,0,1,21,57,54,133,41,4,0,0,Suppressed,30
25,Massachusetts,2019,85700,8,16,222,291,180,717,15,0,0,0,14,0,0,12,26,43,81,10,0,0,0,Suppressed,30
25,Massachusetts,2020,87288,8,13,170,233,141,565,59,4,0,0,14,0,0,13,40,42,95,47,4,0,0,Suppressed,20
26,Michigan,2018,56640,46,127,635,751,324,1883,378,0,0,0,83,4,1,35,105,110,255,279,0,0,0,10,40
26,Michigan,2019,59522,26,87,489,511,224,1337,107,0,0,0,83,0,5,32,64,55,156,82,0,0,0,Suppressed,No Data
26,Michigan,2020,61352,12,46,420,499,257,1234,320,45,1,0,83,0,2,29,81,75,187,201,8,0,0,12,20
27,Minnesota,2011,56944,21,107,494,494,186,1302,2342,925,247,83,87,1,3,20,77,54,155,1849,596,87,16,Suppressed,70
27,Minnesota,2012,58828,18,105,460,471,171,1225,3692,2128,801,201,87,2,3,19,56,44,124,3261,1711,498,78,11,370
27,Minnesota,2013,60664,11,77,332,304,151,875,2127,1081,525,101,87,0,1,18,46,29,94,1770,876,342,44,Suppressed,40
27,Minnesota,2014,61473,17,24,182,151,61,435,1227,230,63,6,87,1,0,10,15,11,37,1011,101,26,0,Suppressed,No Data
27,Minnesota,2015,63459,6,47,259,236,104,652,2063,671,143,3,87,0,1,7,14,14,36,1667,465,80,0,Suppressed,No Data
27,Minnesota,2016,65583,13,65,265,269,116,728,991,199,13,0,87,0,0,6,18,9,33,638,86,2,0,0,30
27,Minnesota,2017,68364,12,36,170,150,70,438,1068,243,27,0,87,1,1,11,7,15,35,733,92,0,0,Suppressed,20
27,Minnesota,2018,70295,13,64,312,348,183,920,1441,241,45,6,87,2,2,14,38,33,89,1098,143,37,0,Suppressed,20
27,Minnesota,2019,74529,12,41,226,229,137,645,515,20,0,0,87,1,2,6,16,20,45,391,4,0,0,Suppressed,30
27,Minnesota,2020,75489,2,22,215,243,131,613,1343,313,81,10,87,0,0,7,22,29,58,939,246,59,6,Suppressed,60
29,Missouri,2011,45231,37,163,1357,1659,422,3638,8365,5062,2536,1099,115,1,0,79,238,160,478,8103,4775,2367,980,46,160
29,Missouri,2012,45320,44,148,1204,1366,408,3170,9496,6701,4085,2117,115,1,4,75,215,116,411,9154,6345,3822,1869,50,90
29,Missouri,2013,46905,24,78,714,807,223,1846,6262,2704,1038,139,115,1,1,52,111,52,217,5837,2412,901,49,15,30
29,Missouri,2014,48288,31,99,687,784,224,1825,7833,4243,1976,542,115,0,0,26,94,41,161,7303,3808,1646,443,12,40
29,Missouri,2015,50200,30,87,898,1117,282,2414,4029,584,3,0,115,2,0,58,139,78,277,3463,325,3,0,14,40
29,Missouri,2016,51713,28,124,1136,1396,353,3037,5828,1180,65,4,115,3,3,53,187,104,350,5489,881,22,0,23,30
29,Missouri,2017,53506,18,102,708,902,260,1990,4637,1271,192,25,115,0,0,31,124,64,219,4199,1062,116,0,18,70
29,Missouri,2018,54412,25,129,945,1144,302,2545,8821,3850,1136,142,115,1,2,65,173,108,349,8304,3455,981,111,25,460
29,Missouri,2019,57375,21,94,846,1076,372,2409,3559,371,2,0,115,1,2,40,124,92,259,2913,270,2,0,11,40
29,Missouri,2020,58812,11,42,515,808,290,1666,2977,113,1,0,115,1,0,23,71,73,168,2337,64,0,0,Suppressed,No Data
31,Nebraska,2014,52803,3,21,113,92,42,271,3959,2043,786,313,93,0,0,1,5,3,9,3472,1764,613,232,Suppressed,No Data
31,Nebraska,2015,55073,5,24,125,132,59,345,4422,1933,450,23,93,0,0,1,8,7,16,3906,1424,188,0,0,40
31,Nebraska,2016,56979,3,44,174,189,77,487,4994,2009,481,81,93,0,0,2,17,21,40,4635,1579,345,66,Suppressed,30
31,Nebraska,2017,59913,4,38,158,143,84,427,4294,1999,767,101,93,0,0,2,19,18,39,3767,1644,589,10,Suppressed,60
31,Nebraska,2018,59724,4,33,164,173,103,477,4888,1711,277,10,93,0,0,7,10,21,38,4390,1340,183,7,Suppressed,30
31,Nebraska,2019,63290,10,23,166,184,96,479,2868,749,39,0,93,0,0,5,19,18,42,2219,544,27,0,Suppressed,No Data
31,Nebraska,2020,64735,3,11,122,128,79,343,6193,2670,981,107,93,0,0,5,16,14,35,5624,2227,750,18,Suppressed,20
33,New Hampshire,2012,63157,1,6,85,74,39,205,4,0,0,0,10,0,0,3,5,7,15,0,0,0,0,Suppressed,No Data
33,New Hampshire,2013,64064,4,11,91,106,45,257,22,0,0,0,10,0,0,1,7,5,13,14,0,0,0,Suppressed,No Data
33,New Hampshire,2014,66469,5,9,58,63,17,152,6,0,0,0,10,0,0,2,8,2,12,2,0,0,0,0,No Data
33,New Hampshire,2015,70003,1,18,50,52,29,150,0,0,0,0,10,0,0,1,5,4,10,0,0,0,0,0,No Data
33,New Hampshire,2016,70986,3,21,59,73,43,199,14,1,0,0,10,0,0,2,1,5,8,8,0,0,0,0,No Data
33,New Hampshire,2017,73638,5,18,59,58,37,177,0,0,0,0,10,0,0,0,6,6,12,0,0,0,0,0,No Data
33,New Hampshire,2018,75322,11,16,98,95,51,271,7,0,0,0,10,0,0,0,8,4,12,4,0,0,0,0,No Data
33,New Hampshire,2019,78571,5,13,65,74,32,189,4,0,0,0,10,0,0,5,3,6,14,0,0,0,0,Suppressed,No Data
33,New Hampshire,2020,81415,4,5,47,68,37,161,6,0,0,0,10,0,0,2,6,9,17,2,0,0,0,Suppressed,No Data
34,New Jersey,2011,67574,19,91,300,436,210,1056,234,59,7,0,21,0,2,7,55,70,134,172,47,0,0,16,90
34,New Jersey,2012,69705,21,102,491,596,180,1390,503,127,16,0,21,1,1,18,84,79,183,464,48,0,0,Suppressed,50
34,New Jersey,2013,70224,12,100,509,558,172,1351,274,59,1,0,21,1,2,24,82,84,193,241,48,0,0,Suppressed,50
34,New Jersey,2014,71968,18,69,281,258,104,730,229,42,0,0,21,2,1,16,26,28,73,137,8,0,0,0,50
34,New Jersey,2015,72337,27,107,418,386,155,1093,112,1,0,0,21,0,2,26,52,45,125,80,0,0,0,Suppressed,20
34,New Jersey,2016,76212,13,115,441,519,194,1282,317,20,0,0,21,1,2,27,68,73,171,216,9,0,0,Suppressed,110
34,New Jersey,2017,80106,9,79,268,315,131,802,90,0,0,0,21,0,0,14,33,30,77,61,0,0,0,Suppressed,30
34,New Jersey,2018,81777,20,103,397,458,212,1190,187,0,0,0,21,13,0,25,63,61,162,157,0,0,0,Suppressed,100
34,New Jersey,2019,85786,15,100,346,454,175,1090,104,7,0,0,21,0,0,11,61,58,130,60,4,0,0,Suppressed,50
34,New Jersey,2020,87095,2,38,208,330,120,698,166,0,0,0,21,0,0,15,51,52,118,123,0,0,0,Suppressed,50
35,New Mexico,2011,42097,7,24,108,94,30,263,1980,1126,329,33,33,0,1,8,13,11,33,1923,1076,298,22,Suppressed,No Data
35,New Mexico,2012,42828,7,19,100,107,29,262,2051,905,203,13,33,6,4,14,10,13,47,1983,832,172,6,Suppressed,No Data
35,New Mexico,2013,44026,10,19,100,117,28,274,1466,646,143,12,33,2,0,4,6,4,16,1382,583,117,6,Suppressed,No Data
35,New Mexico,2014,44905,6,21,100,89,29,245,1188,471,99,12,33,0,0,4,12,7,23,1096,421,81,8,Suppressed,No Data
35,New Mexico,2015,45524,7,23,113,121,36,300,1516,555,93,1,33,0,0,6,17,10,33,1450,491,72,0,Suppressed,30
35,New Mexico,2016,46844,2,20,116,149,52,339,1402,663,175,19,33,1,1,7,19,10,38,1333,629,157,16,10,No Data
35,New Mexico,2017,47086,6,18,106,121,55,306,1259,453,105,13,33,1,0,4,24,3,32,1183,410,91,9,Suppressed,No Data
35,New Mexico,2018,47405,4,26,102,134,54,320,1810,737,167,12,33,1,1,7,12,18,39,1731,670,127,4,Suppressed,No Data
35,New Mexico,2019,52021,8,35,109,137,38,327,1690,716,139,8,33,0,0,6,22,13,41,1633,655,118,2,Suppressed,No Data
35,New Mexico,2020,52285,2,6,94,129,62,293,2046,993,273,49,33,0,0,6,21,19,46,1960,926,239,37,12,No Data
36,New York,2011,55147,52,221,871,1029,545,2718,124,19,1,0,62,5,2,44,146,218,415,84,13,0,0,44,90
36,New York,2012,56357,44,212,811,981,501,2549,237,49,6,0,62,4,3,46,138,166,357,166,20,0,0,15,50
36,New York,2013,57255,45,170,827,949,588,2579,207,47,1,0,62,2,2,39,142,205,390,154,43,0,0,42,100
36,New York,2014,58771,33,108,475,440,193,1249,40,0,0,0,62,3,1,26,55,47,132,12,0,0,0,Suppressed,40
36,New York,2015,60805,39,151,825,884,353,2252,41,0,0,0,62,3,8,35,62,68,176,19,0,0,0,Suppressed,40
36,New York,2016,62700,39,141,681,809,440,2110,226,4,0,0,62,5,3,36,94,141,279,132,0,0,0,11,80
36,New York,2017,64783,28,110,425,501,310,1374,27,0,0,0,62,1,0,24,72,106,203,16,0,0,0,13,60
36,New York,2018,67648,51,179,728,957,590,2505,183,0,0,0,62,2,5,48,136,172,363,128,0,0,0,17,250
36,New York,2019,72038,30,127,575,730,508,1970,69,1,0,0,62,1,2,32,123,159,317,42,0,0,0,26,60
36,New York,2020,73354,16,43,395,565,396,1415,100,2,0,0,62,1,2,36,108,141,288,53,2,0,0,13,90
41,Oregon,2018,63168,7,28,148,218,101,502,413,165,51,10,36,0,0,3,16,10,29,359,139,39,7,Suppressed,40
41,Oregon,2019,66955,2,18,131,155,86,392,225,69,15,0,36,0,1,3,13,10,27,187,55,13,0,Suppressed,No Data
41,Oregon,2020,67832,3,14,104,129,87,337,403,125,38,6,36,0,0,6,14,13,33,347,94,24,4,Suppressed,No Data
42,Pennsylvania,2016,56897,6,49,200,231,98,584,609,31,0,0,67,0,3,43,95,96,237,451,4,0,0,20,30
42,Pennsylvania,2017,59165,10,58,260,253,132,713,90,0,0,0,67,0,3,25,75,77,180,58,0,0,0,Suppressed,30
42,Pennsylvania,2018,60891,16,92,459,544,273,1384,207,0,0,0,67,3,6,42,128,120,299,156,0,0,0,29,80
42,Pennsylvania,2019,63455,23,84,492,551,252,1402,148,2,0,0,67,0,3,37,88,115,243,110,0,0,0,23,100
42,Pennsylvania,2020,64898,14,46,374,443,203,1080,224,0,0,0,67,2,1,25,83,95,206,137,0,0,0,18,50
44,Rhode Island,2011,53152,2,11,33,48,18,112,8,3,0,0,5,0,0,4,7,4,15,6,0,0,0,0,No Data
44,Rhode Island,2012,54002,3,7,62,64,29,165,25,0,0,0,5,0,0,3,4,10,17,11,0,0,0,0,No Data
44,Rhode Island,2013,55015,5,10,78,79,40,212,19,0,0,0,5,1,0,5,9,5,20,14,0,0,0,Suppressed,No Data
44,Rhode Island,2014,54797,3,7,29,44,12,95,15,0,0,0,5,0,0,1,1,5,7,10,0,0,0,Suppressed,No Data
44,Rhode Island,2015,57265,3,8,43,53,24,131,19,2,0,0,5,0,0,1,6,4,11,8,0,0,0,0,No Data
44,Rhode Island,2016,60046,1,6,55,79,31,172,47,1,0,0,5,0,0,0,8,4,12,29,0,0,0,Suppressed,No Data
44,Rhode Island,2017,62923,0,15,41,39,22,117,0,0,0,0,5,0,0,2,5,10,17,0,0,0,0,0,No Data
44,Rhode Island,2018,63787,3,7,60,71,28,169,47,7,0,0,5,0,0,5,8,14,27,32,2,0,0,Suppressed,No Data
44,Rhode Island,2019,70383,1,7,66,53,30,157,6,0,0,0,5,0,1,3,6,7,17,6,0,0,0,Suppressed,No Data
44,Rhode Island,2020,73919,0,1,22,28,16,67,52,6,0,0,5,0,0,4,3,3,10,40,6,0,0,0,No Data
45,South Carolina,2011,42477,17,92,904,969,251,2233,4383,2199,500,14,46,1,3,54,160,68,286,4307,2011,396,6,10,90
45,South Carolina,2012,43290,15,56,650,760,185,1666,2598,1055,427,70,46,1,2,33,97,49,182,2434,979,396,58,10,20
45,South Carolina,2013,44310,11,51,462,529,141,1194,538,34,0,0,46,0,0,37,63,24,124,421,18,0,0,Suppressed,40
45,South Carolina,2014,45337,16,74,638,667,179,1574,2730,1044,237,0,46,1,0,33,78,41,153,2494,921,198,0,Suppressed,60
45,South Carolina,2016,49587,20,102,990,1189,364,2665,3138,711,6,0,46,0,0,48,135,70,253,2990,559,0,0,12,450
45,South Carolina,2017,50675,19,56,655,929,265,1924,1902,188,0,0,46,0,1,42,106,45,194,1668,145,0,0,10,80
45,South Carolina,2018,52449,10,62,776,976,345,2169,2823,362,0,0,46,0,3,61,110,58,232,2538,304,0,0,23,70
45,South Carolina,2019,56360,21,69,890,1101,375,2456,3909,1138,31,0,46,1,1,68,111,77,258,3761,997,9,0,Suppressed,110
45,South Carolina,2020,57216,9,27,501,709,267,1513,1964,81,0,0,46,0,0,43,66,43,152,1785,44,0,0,13,20
47,Tennessee,2011,41691,33,149,1276,1519,383,3360,4043,1106,221,31,95,1,1,63,209,112,386,3837,970,168,14,20,180
47,Tennessee,2012,42743,28,126,986,1230,326,2696,4298,1862,696,162,95,1,1,50,157,88,297,4042,1741,620,121,25,140
47,Tennessee,2013,44268,12,84,667,790,193,1746,1185,272,63,0,95,0,1,37,84,35,157,1001,215,61,0,Suppressed,160
47,Tennessee,2014,44357,19,93,681,797,208,1798,3325,1169,369,49,95,0,0,27,76,38,141,3036,1030,333,44,Suppressed,90
47,Tennessee,2015,47243,38,117,1020,1236,316,2727,2505,323,4,0,95,0,1,49,147,69,266,2204,274,0,0,22,40
47,Tennessee,2016,48506,25,145,1282,1537,386,3375,3483,162,0,0,95,0,1,57,181,85,324,3034,95,0,0,18,120
47,Tennessee,2017,51319,22,98,850,1056,266,2292,1446,154,0,0,95,0,3,44,113,52,212,1259,123,0,0,14,60
47,Tennessee,2018,52366,35,148,982,1420,461,3046,2280,196,2,0,95,0,1,46,149,80,276,1992,134,0,0,20,70
47,Tennessee,2019,56047,18,133,994,1412,400,2957,2579,206,2,0,95,0,3,46,158,85,292,2331,167,0,0,13,140
47,Tennessee,2020,56962,16,64,605,768,293,1746,1256,11,0,0,95,0,0,31,91,54,176,1005,3,0,0,11,380
49,Utah,2011,55802,3,22,83,61,26,195,322,77,10,0,29,0,1,1,6,9,17,279,66,8,0,Suppressed,No Data
49,Utah,2012,57067,4,23,98,86,27,238,661,128,17,2,29,0,0,12,9,6,27,618,109,13,2,Suppressed,20
49,Utah,2013,59715,6,36,130,115,53,340,505,125,26,6,29,0,0,4,18,11,33,474,111,24,6,Suppressed,No Data
49,Utah,2014,60943,8,20,119,75,32,254,263,60,9,0,29,0,0,5,11,5,21,233,49,7,0,Suppressed,No Data
49,Utah,2015,62961,8,20,107,97,37,269,415,107,23,4,29,0,2,3,7,6,18,368,96,21,3,Suppressed,No Data
49,Utah,2016,65931,11,31,137,115,29,323,419,103,22,4,29,1,0,7,23,13,44,390,92,17,3,Suppressed,No Data
49,Utah,2017,68395,11,26,113,124,55,329,508,105,24,4,29,0,0,9,12,16,37,468,92,23,4,Suppressed,No Data
49,Utah,2018,71381,15,32,137,132,54,370,777,204,38,4,29,0,1,6,22,13,42,724,166,32,4,Suppressed,No Data
49,Utah,2019,75705,9,29,118,127,42,325,488,93,21,0,29,0,2,3,15,9,29,454,75,18,0,Suppressed,No Data
49,Utah,2020,77785,10,15,106,154,50,335,808,267,48,13,29,1,0,10,21,9,41,766,251,45,13,Suppressed,No Data
51,Virginia,2020,79154,13,42,431,614,256,1356,2784,520,24,0,133,0,1,33,64,65,163,2401,454,22,0,11,120
55,Wisconsin,2011,50401,11,90,499,523,208,1331,1276,433,133,40,72,0,1,13,54,46,114,947,270,68,21,Suppressed,90
55,Wisconsin,2012,51063,25,102,628,675,281,1711,2577,1392,585,204,72,0,1,17,52,85,155,2321,1097,451,136,23,70
55,Wisconsin,2013,51474,13,53,384,383,137,970,1240,617,234,13,72,0,1,12,34,31,78,1059,505,147,0,11,30
55,Wisconsin,2014,52632,11,29,175,164,69,448,1127,309,102,12,72,0,0,4,7,15,26,828,147,40,0,Suppressed,20
55,Wisconsin,2015,55623,14,59,297,299,124,793,611,117,6,0,72,0,0,7,25,17,49,469,41,0,0,Suppressed,50
55,Wisconsin,2016,56808,16,58,396,402,181,1053,289,1,0,0,72,0,0,16,25,22,63,127,0,0,0,Suppressed,20
55,Wisconsin,2017,59300,11,45,256,235,147,694,53,0,0,0,72,0,0,9,17,32,58,33,0,0,0,Suppressed,50
55,Wisconsin,2018,60779,17,59,427,513,250,1266,392,4,0,0,72,0,1,11,32,38,82,245,0,0,0,Suppressed,70
55,Wisconsin,2019,64177,15,49,295,346,166,871,82,3,0,0,72,1,0,6,21,29,57,42,0,0,0,Suppressed,20
55,Wisconsin,2020,64901,6,32,266,316,171,791,123,0,0,0,72,1,0,8,23,35,67,56,0,0,0,Suppressed,20
