StateFIPS,State,Year,ANNUAL_MEDIAN_HOUSEHOLD_INCOME,ER_visits_hri_age_0_4,ER_visits_hri_age_5_14,ER_visits_hri_age_15_34,ER_visits_hri_age_35_64,ER_visits_hri_age_over_65,total_ER_visits,days_over_90_degrees,days_over_95_degrees,days_over_100_degrees,days_over_105_degrees,num_counties.x,HSP_visits_age_0_4,HSP_visits_age_5_14,HSP_visits_age_15_34,HSP_visits_age_35_64,HSP_visits_age_over_65,total_HS,HE_over_90_degrees,HE_over_95_degrees,HE_over_100_degrees,HE_over_105_degrees,num_counties.y,mortality_HRI,worker_HRI_cases
04,Arizona,2011,46710,40,113,708,862,201,1924,95.73333333333333,62.333333333333336,35.46666666666667,18.866666666666667,15,1,2,76,255,158,492,93.66666666666667,59.666666666666664,34.4,18.066666666666666,15,117,90
04,Arizona,2012,47796,27,117,744,813,230,1931,99.06666666666666,63.8,36,14.933333333333334,15,0,6,92,236,130,464,97.33333333333333,62.06666666666667,34.86666666666667,14.266666666666667,15,109,110
04,Arizona,2013,48504,37,98,694,762,217,1808,79.4,52,30.6,12.2,15,5,1,74,249,133,462,77.73333333333333,51.06666666666667,29.533333333333335,11.2,15,92,100
04,Arizona,2014,50036,33,99,631,746,219,1728,77.2,48.666666666666664,27.066666666666666,8.8,15,1,1,87,195,122,406,74.73333333333333,47.53333333333333,25.8,7.133333333333334,15,69,70
04,Arizona,2015,51473,24,86,745,854,269,1978,86.26666666666667,53.8,32.86666666666667,15.333333333333334,15,3,2,77,269,136,487,84,52.53333333333333,32,14,15,93,110
04,Arizona,2016,53481,27,102,918,1092,344,2483,86,54.86666666666667,31.6,16.8,15,0,3,101,258,165,527,83.46666666666667,52.93333333333333,30.4,16.133333333333333,15,177,110
04,Arizona,2017,56508,29,110,922,1182,391,2634,89.73333333333333,56.4,35.6,17,15,0,2,114,345,192,653,87.33333333333333,55.266666666666666,34.733333333333334,16.333333333333332,15,221,140
04,Arizona,2018,59079,30,104,907,1188,363,2592,96.13333333333334,61.86666666666667,36.46666666666667,15.6,15,2,2,116,332,212,664,94.46666666666667,60.2,35.266666666666666,14.533333333333333,15,187,80
04,Arizona,2019,62027,35,103,883,1179,372,2572,84.33333333333333,55.53333333333333,32,16.8,15,2,2,101,323,210,638,82.33333333333333,53.93333333333333,31.2,15.933333333333334,15,212,120
04,Arizona,2020,64652,10,41,644,995,381,2071,114.2,78.33333333333333,47.06666666666667,23.4,15,0,5,135,415,243,798,112.66666666666667,76.66666666666667,45.733333333333334,22.2,15,373,170
06,California,2011,57275,104,337,1348,1495,577,3861,42.206896551724135,25.93103448275862,11.982758620689655,3.4310344827586206,58,5,9,72,198,132,416,41.05172413793103,24.775862068965516,11.275862068965518,3.0172413793103448,58,26,250
06,California,2012,58322,149,414,1594,1920,882,4959,58.672413793103445,39.39655172413793,21.120689655172413,8.5,58,10,11,78,251,228,578,56.758620689655174,37.93103448275862,19.75862068965517,7.724137931034483,58,61,250
06,California,2013,60185,151,408,1615,2031,891,5096,52.44827586206897,34.36206896551724,18.948275862068964,7.844827586206897,58,5,9,89,269,198,570,50.706896551724135,32.89655172413793,17.724137931034484,7.310344827586207,58,66,250
06,California,2014,61927,153,437,1603,2025,875,5093,65.70689655172414,42.37931034482759,23.25862068965517,8.637931034482758,58,5,8,93,279,202,587,63.827586206896555,40.827586206896555,22.03448275862069,7.5344827586206895,58,47,380
06,California,2015,64483,159,360,1757,2091,942,5309,60.01724137931034,39.327586206896555,21.362068965517242,9.379310344827585,58,4,6,97,246,245,598,58.44827586206897,37.827586206896555,20.086206896551722,8.53448275862069,58,49,270
06,California,2016,67715,86,340,1717,2141,1090,5374,53.206896551724135,35.189655172413794,19.724137931034484,7.517241379310345,58,3,4,112,325,312,756,51.793103448275865,33.810344827586206,18.862068965517242,6.775862068965517,58,67,220
06,California,2017,71785,128,519,2413,3174,1853,8087,58.36206896551724,38.5,23.74137931034483,11.827586206896552,58,2,11,155,549,586,1303,56.775862068965516,36.93103448275862,22.96551724137931,11.051724137931034,58,98,480
06,California,2018,75250,94,353,1836,2535,1458,6276,57.3448275862069,38.41379310344828,24,12.637931034482758,58,3,3,130,507,484,1127,55.724137931034484,37.08620689655172,22.879310344827587,12.017241379310345,58,98,280
06,California,2019,80423,77,336,1557,2232,1183,5385,43.724137931034484,26.948275862068964,13.224137931034482,5.258620689655173,58,5,9,96,349,337,796,42.189655172413794,25.93103448275862,12.120689655172415,4.844827586206897,58,57,400
06,California,2020,83001,29,88,1436,2345,1181,5079,70.34482758620689,48.08620689655172,29.896551724137932,14.275862068965518,58,6,8,138,442,407,1001,68.58620689655173,46.53448275862069,29.03448275862069,13.275862068965518,58,128,240
08,Colorado,2013,58942,17,39,121,96,29,302,23.765625,10.171875,2.171875,0.296875,64,0,0,11,12,19,42,22,8.96875,1.625,0.0625,64,Suppressed,No Data
08,Colorado,2014,61324,8,18,95,87,29,237,13.390625,4.78125,0.828125,0,64,0,0,2,7,6,15,11.734375,3.90625,0.375,0,64,Suppressed,No Data
08,Colorado,2015,63945,9,36,130,132,48,355,17.765625,5.53125,0.34375,0,64,1,0,5,23,15,44,15.203125,4.046875,0.0625,0,64,Suppressed,No Data
08,Colorado,2016,65718,14,46,171,160,76,467,19.5,6.984375,1.0625,0,64,1,0,7,16,17,41,17.765625,5.1875,0.765625,0,64,Suppressed,No Data
08,Colorado,2017,69113,11,25,127,106,54,323,14.859375,4.515625,0.625,0,64,0,0,5,9,21,35,13.03125,3.046875,0.25,0,64,Suppressed,No Data
08,Colorado,2018,71949,13,30,165,178,70,456,26.109375,9.296875,1.6875,0.125,64,0,0,8,23,16,47,23.578125,7.5625,1.375,0.09375,64,Suppressed,No Data
08,Colorado,2019,77104,7,27,137,159,59,389,22.5,8.640625,1.625,0.078125,64,1,0,4,18,24,47,20.09375,7.109375,1.25,0.03125,64,Suppressed,No Data
08,Colorado,2020,77688,1,10,90,131,70,302,29.375,13.484375,2.5,0,64,0,0,4,22,16,42,27.3125,11.78125,1.296875,0,64,11,No Data
09,Connecticut,2011,65822,2,31,120,143,32,328,2.625,0.25,0,0,8,0,0,6,15,22,43,2.5,0,0,0,8,Suppressed,No Data
09,Connecticut,2012,67275,15,56,216,223,77,587,2.25,0,0,0,8,1,0,8,25,24,58,0.75,0,0,0,8,Suppressed,40
09,Connecticut,2013,67262,16,56,218,257,104,651,3.75,0,0,0,8,0,0,7,30,31,68,3,0,0,0,8,Suppressed,30
09,Connecticut,2014,70007,10,25,90,115,34,274,1,0,0,0,8,1,0,7,12,6,26,0,0,0,0,8,Suppressed,No Data
09,Connecticut,2015,71333,10,28,123,135,52,348,0.75,0,0,0,8,0,0,5,14,13,32,0,0,0,0,8,0,20
09,Connecticut,2016,73380,12,36,155,161,76,440,2.75,0,0,0,8,0,1,7,22,15,45,1.125,0,0,0,8,Suppressed,No Data
09,Connecticut,2017,74428,14,46,110,141,50,361,0,0,0,0,8,0,1,5,16,23,45,0,0,0,0,8,Suppressed,20
09,Connecticut,2018,76366,4,36,181,238,89,548,2.75,0,0,0,8,1,2,10,25,19,57,1.75,0,0,0,8,Suppressed,No Data
09,Connecticut,2019,78920,7,41,166,209,69,492,1.625,0,0,0,8,0,0,7,22,16,45,1.25,0,0,0,8,Suppressed,No Data
09,Connecticut,2020,79723,4,14,98,129,59,304,1.375,0,0,0,8,0,0,1,22,18,41,0.75,0,0,0,8,Suppressed,No Data
12,Florida,2011,44250,55,262,1536,1817,594,4264,85.01492537313433,27.253731343283583,3.417910447761194,0.029850746268656716,67,4,4,150,355,224,737,80.70149253731343,24.388059701492537,2.343283582089552,0,67,16,No Data
12,Florida,2012,45006,51,205,1243,1542,501,3542,46.1044776119403,4.253731343283582,0.2537313432835821,0,67,2,11,122,292,162,589,41.149253731343286,3,0.2537313432835821,0,67,17,No Data
12,Florida,2013,46021,69,192,1283,1456,475,3475,30.08955223880597,0.417910447761194,0,0,67,2,8,127,249,151,537,25.044776119402986,0.05970149253731343,0,0,67,16,No Data
12,Florida,2014,47439,70,254,1662,1902,645,4533,64.61194029850746,18.507462686567163,1.6417910447761195,0,67,3,9,182,360,180,734,60.208955223880594,16.08955223880597,1.4179104477611941,0,67,18,No Data
12,Florida,2015,49416,58,218,1987,2239,707,5209,50.53731343283582,3.0597014925373136,0.014925373134328358,0,67,3,8,217,399,204,831,46.26865671641791,2.298507462686567,0,0,67,18,No Data
12,Florida,2016,50857,57,311,2337,2818,961,6484,56.82089552238806,4.611940298507463,0,0,67,4,3,294,565,246,1112,52.223880597014926,3.656716417910448,0,0,67,29,No Data
12,Florida,2017,52582,64,278,2085,2769,1151,6347,40.8955223880597,3.298507462686567,0.08955223880597014,0,67,6,4,247,497,331,1085,35.582089552238806,2.701492537313433,0,0,67,42,No Data
12,Florida,2018,55433,71,277,1960,2495,950,5753,37.04477611940298,0.11940298507462686,0,0,67,6,10,230,489,264,999,31.880597014925375,0,0,0,67,15,No Data
12,Florida,2019,59198,56,285,2336,3014,1113,6804,59.850746268656714,7.313432835820896,0,0,67,3,4,307,579,311,1204,55.37313432835821,6.432835820895522,0,0,67,27,No Data
12,Florida,2020,61724,16,110,1570,2118,947,4761,61.32835820895522,4.895522388059701,0.1044776119402985,0,67,0,2,242,432,277,953,56.52238805970149,3.4776119402985075,0.08955223880597014,0,67,41,No Data
19,Iowa,2011,49545,16,98,579,586,192,1471,51.82828282828283,30.181818181818183,14.616161616161616,6.737373737373737,99,0,1,15,54,33,103,48.2020202020202,26.32323232323232,12.141414141414142,5,99,Suppressed,160
19,Iowa,2012,50997,13,66,603,564,194,1440,67.84848484848484,48.90909090909091,28.141414141414142,13.525252525252526,99,1,0,17,53,31,102,64.55555555555556,46.535353535353536,25.13131313131313,12.404040404040405,99,10,30
19,Iowa,2013,52286,11,45,352,367,128,903,41.58585858585859,21.31313131313131,11.555555555555555,3,99,0,1,7,30,19,57,36.94949494949495,18.272727272727273,9.252525252525253,1.1111111111111112,99,Suppressed,80
19,Iowa,2014,53816,9,33,203,181,78,504,33.57575757575758,12.727272727272727,3.757575757575758,1.1818181818181819,99,0,0,1,9,2,12,29.19191919191919,10.141414141414142,2.2323232323232323,0.7070707070707071,99,Suppressed,No Data
19,Iowa,2015,54843,14,56,295,297,112,774,16.707070707070706,2.202020202020202,0.20202020202020202,0,99,0,1,5,21,4,31,12.06060606060606,0.98989898989899,0.04040404040404041,0,99,Suppressed,20
19,Iowa,2016,56354,14,71,456,471,160,1172,27.02020202020202,5.0606060606060606,0.2828282828282828,0,99,0,0,7,26,19,52,22.424242424242426,2.8484848484848486,0.06060606060606061,0,99,Suppressed,50
19,Iowa,2017,58706,18,59,344,357,138,916,33.7979797979798,10.83838383838384,3.3737373737373737,0.5353535353535354,99,0,0,2,6,6,14,30.2020202020202,8.626262626262626,2.313131313131313,0.09090909090909091,99,Suppressed,80
19,Iowa,2018,60071,17,71,415,466,203,1172,32.26262626262626,10.97979797979798,2.4545454545454546,0.13131313131313133,99,0,0,0,8,4,12,28.464646464646464,8.626262626262626,1.6262626262626263,0.04040404040404041,99,Suppressed,30
19,Iowa,2019,61807,13,63,337,394,160,967,12.777777777777779,0.8585858585858586,0.06060606060606061,0,99,0,1,11,16,26,54,9.434343434343434,0.24242424242424243,0,0,99,Suppressed,No Data
19,Iowa,2020,62362,9,30,256,394,149,838,29.363636363636363,11.88888888888889,4.656565656565657,0.1717171717171717,99,0,1,6,28,9,44,25.22222222222222,10.656565656565656,4.02020202020202,0.09090909090909091,99,Suppressed,60
20,Kansas,2011,48844,8,60,393,483,159,1103,97.16190476190476,77.4,53.46666666666667,24.857142857142858,105,1,0,28,89,62,180,93.04761904761905,74.67619047619047,49.46666666666667,21.37142857142857,105,37,70
20,Kansas,2012,50140,10,64,367,356,97,894,97.81904761904762,67.43809523809524,43.31428571428572,21.895238095238096,105,0,2,20,47,53,122,93.96190476190476,60.80952380952381,39.98095238095238,20.095238095238095,105,11,70
20,Kansas,2013,50892,3,40,239,260,82,624,80.4,50.96190476190476,22.961904761904762,5.40952380952381,105,0,1,13,46,43,103,77.24761904761905,47.76190476190476,20.542857142857144,3.066666666666667,105,Suppressed,50
20,Kansas,2014,52392,6,33,242,236,62,579,89.19047619047619,56.23809523809524,28.047619047619047,7.695238095238095,105,0,0,15,27,22,64,83.55238095238096,50.05714285714286,24.21904761904762,5.857142857142857,105,Suppressed,20
20,Kansas,2015,53802,10,45,297,343,118,813,69.29523809523809,33.59047619047619,8.00952380952381,0.6,105,0,0,9,42,29,80,64.52380952380952,29.276190476190475,5.476190476190476,0.19047619047619047,105,Suppressed,140
20,Kansas,2016,54828,9,53,412,465,133,1072,73.06666666666666,35.22857142857143,9.742857142857142,0.8476190476190476,105,0,0,21,62,30,113,70.5047619047619,32.19047619047619,7.295238095238095,0.5619047619047619,105,Suppressed,80
20,Kansas,2017,56382,7,54,292,317,124,794,60.904761904761905,29.419047619047618,8.085714285714285,0.9904761904761905,105,1,4,15,46,38,104,56.27619047619048,25.19047619047619,5.933333333333334,0.6,105,Suppressed,30
20,Kansas,2018,58150,19,56,344,489,198,1106,86.34285714285714,44.142857142857146,14.209523809523809,1.3333333333333333,105,1,0,24,53,49,127,81.45714285714286,40.20952380952381,11.895238095238096,0.8761904761904762,105,Suppressed,40
20,Kansas,2019,62028,13,58,366,437,174,1048,53.12380952380953,17.542857142857144,4.647619047619048,0.4857142857142857,105,1,3,26,52,43,125,47.180952380952384,14.342857142857143,3.6857142857142855,0.3333333333333333,105,Suppressed,50
20,Kansas,2020,63214,3,29,247,340,152,771,71.93333333333334,34.8,7.923809523809524,0.4857142857142857,105,1,0,17,45,32,95,67.31428571428572,31.666666666666668,5.038095238095238,0.08571428571428572,105,Suppressed,30
21,Kentucky,2011,41141,18,128,829,1029,247,2251,25.916666666666668,4.033333333333333,0.3,0,120,0,3,37,156,90,286,22.483333333333334,2.8,0.15,0,120,17,120
21,Kentucky,2012,41717,19,89,696,867,209,1880,38.94166666666667,15.458333333333334,5.133333333333334,1.1,120,1,3,36,108,60,208,36.525,14.05,4.566666666666666,0.9,120,Suppressed,90
21,Kentucky,2013,43307,0,0,19,55,32,106,12.341666666666667,1.8666666666666667,0.20833333333333334,0,120,0,0,22,66,38,126,10.15,1.325,0.2,0,120,Suppressed,50
21,Kentucky,2014,42914,8,64,480,579,144,1275,33.166666666666664,10.583333333333334,2.341666666666667,0.125,120,0,3,15,60,18,96,28.341666666666665,8.8,1.9833333333333334,0.11666666666666667,120,Suppressed,40
21,Kentucky,2015,45178,17,66,498,692,206,1479,12.283333333333333,0.9333333333333333,0,0,120,1,0,17,70,43,131,10.3,0.6666666666666666,0,0,120,Suppressed,60
21,Kentucky,2016,46610,12,67,667,908,252,1906,21.841666666666665,0.36666666666666664,0,0,120,0,0,42,104,34,180,17.108333333333334,0.06666666666666667,0,0,120,Suppressed,70
21,Kentucky,2017,48332,8,53,415,573,151,1200,13.8,1.1833333333333333,0,0,120,0,0,19,59,35,113,10.816666666666666,0.7583333333333333,0,0,120,Suppressed,20
21,Kentucky,2018,50189,14,96,719,985,292,2106,19.45,1.375,0,0,120,0,1,31,94,55,181,16.666666666666668,0.8083333333333333,0,0,120,10,50
21,Kentucky,2019,52256,20,115,580,886,280,1881,19.516666666666666,0.5333333333333333,0,0,120,1,1,20,78,50,150,16.475,0.4083333333333333,0,0,120,Suppressed,20
21,Kentucky,2020,54074,11,33,382,610,178,1214,10.525,0.016666666666666666,0,0,120,0,0,21,62,40,123,7.508333333333334,0,0,0,120,Suppressed,40
22,Louisiana,2011,41804,22,141,1095,1356,327,2941,130.109375,85.546875,44.3125,11.84375,64,3,3,52,169,63,290,126.625,82.84375,42.265625,10.140625,64,17,90
22,Louisiana,2012,42998,21,84,914,1059,249,2327,97.796875,42.515625,15.390625,1.890625,64,0,3,42,116,48,209,93.21875,39.390625,13.859375,1.59375,64,13,80
22,Louisiana,2013,44234,14,84,873,1019,237,2227,93.4375,46.8125,16.203125,2.265625,64,2,0,37,99,37,175,88.234375,44.375,14.5,1.84375,64,Suppressed,80
22,Louisiana,2014,44680,22,91,1000,990,219,2322,106.765625,50.8125,17.15625,1.796875,64,1,0,48,100,37,186,102.796875,47.65625,15.625,1.140625,64,Suppressed,50
22,Louisiana,2015,45829,20,110,1111,1284,311,2836,80.546875,21.609375,2.15625,0.34375,64,1,4,63,131,44,243,76.640625,18.59375,1.75,0.34375,64,10,50
22,Louisiana,2016,45374,19,109,1093,1465,315,3001,72.53125,7.328125,0,0,64,0,2,54,133,66,255,68.296875,5.984375,0,0,64,11,80
22,Louisiana,2017,46283,16,80,678,886,251,1911,48.25,3.296875,0.0625,0,64,0,0,30,76,35,141,43.609375,2.25,0,0,64,Suppressed,60
22,Louisiana,2018,48021,17,137,1086,1341,390,2971,95.15625,29.953125,3.515625,0.234375,64,0,3,38,111,67,219,91.8125,27.34375,2.515625,0.171875,64,20,90
22,Louisiana,2019,51108,16,102,1187,1713,441,3459,89.421875,19.4375,1.40625,0,64,0,1,64,151,77,293,84.0625,16.78125,1.25,0,64,12,60
22,Louisiana,2020,51730,7,42,760,1164,372,2345,62,7.28125,0,0,64,0,0,36,98,38,172,54.75,5.375,0,0,64,14,20
23,Maine,2011,46160,2,13,79,109,50,253,0,0,0,0,16,0,1,1,9,16,27,0,0,0,0,16,0,No Data
23,Maine,2012,46856,6,9,63,68,40,186,0,0,0,0,16,0,0,1,7,2,10,0,0,0,0,16,Suppressed,20
23,Maine,2013,47095,5,21,91,119,49,285,0.0625,0,0,0,16,0,0,2,5,10,17,0,0,0,0,16,Suppressed,No Data
23,Maine,2014,49381,2,8,69,69,26,174,0,0,0,0,16,0,0,0,2,5,7,0,0,0,0,16,0,No Data
23,Maine,2015,51419,3,15,69,71,42,200,0,0,0,0,16,0,0,1,4,5,10,0,0,0,0,16,0,No Data
23,Maine,2016,52926,5,10,54,73,43,185,0.375,0,0,0,16,1,0,0,3,2,6,0.125,0,0,0,16,Suppressed,20
23,Maine,2017,55980,1,17,75,64,42,199,0,0,0,0,16,0,0,3,3,4,10,0,0,0,0,16,0,No Data
23,Maine,2018,55579,4,22,114,106,75,321,0,0,0,0,16,0,0,5,7,13,25,0,0,0,0,16,Suppressed,No Data
23,Maine,2019,58824,1,10,78,86,58,233,0,0,0,0,16,0,0,1,3,4,8,0,0,0,0,16,Suppressed,20
23,Maine,2020,59145,4,9,87,73,55,228,0,0,0,0,16,0,0,2,6,8,16,0,0,0,0,16,0,No Data
24,Maryland,2011,70075,23,148,371,517,203,1262,21.458333333333332,5.75,1.2083333333333333,0.08333333333333333,24,0,0,14,99,73,186,19.208333333333332,4.25,0.5,0,24,34,80
24,Maryland,2012,71169,30,129,513,638,328,1638,28.791666666666668,9.791666666666666,1.8333333333333333,0,24,2,1,30,97,132,262,26.541666666666668,6.333333333333333,0.5833333333333334,0,24,43,90
24,Maryland,2013,72482,18,66,320,404,124,932,11.291666666666666,1.3333333333333333,0,0,24,1,0,17,50,34,102,9.333333333333334,1,0,0,24,17,50
24,Maryland,2014,73851,20,36,249,291,106,702,17.083333333333332,4.333333333333333,0.08333333333333333,0,24,0,0,9,29,22,60,13,1.125,0,0,24,Suppressed,20
24,Maryland,2015,75784,24,89,338,387,122,960,5.291666666666667,0,0,0,24,0,4,17,36,20,77,3.25,0,0,0,24,Suppressed,60
24,Maryland,2016,78787,23,124,448,620,244,1459,17.208333333333332,1.125,0,0,24,0,0,24,72,51,147,13.375,0.3333333333333333,0,0,24,29,60
24,Maryland,2017,80711,14,65,300,389,162,930,7.708333333333333,0.875,0,0,24,0,0,12,54,25,91,5.375,0.75,0,0,24,Suppressed,20
24,Maryland,2018,83076,23,90,478,563,283,1437,7.958333333333333,0,0,0,24,0,0,30,69,67,166,6.666666666666667,0,0,0,24,30,130
24,Maryland,2019,86644,16,77,403,526,272,1294,12.375,1.5416666666666667,0,0,24,0,0,28,56,48,132,8.458333333333334,1.1666666666666667,0,0,24,25,130
24,Maryland,2020,88589,9,31,255,370,177,842,13.083333333333334,0.8333333333333334,0,0,24,0,1,15,54,43,113,10.375,0.625,0,0,24,28,40
25,Massachusetts,2011,63126,10,62,278,273,117,740,1.8571428571428572,0.42857142857142855,0,0,14,0,0,14,32,35,81,1.8571428571428572,0,0,0,14,Suppressed,20
25,Massachusetts,2012,65378,19,66,278,346,177,886,2.7857142857142856,0,0,0,14,1,0,16,34,52,103,2.142857142857143,0,0,0,14,0,No Data
25,Massachusetts,2013,66794,20,88,411,500,211,1230,4.571428571428571,0.14285714285714285,0,0,14,0,1,20,59,48,128,3.0714285714285716,0,0,0,14,Suppressed,20
25,Massachusetts,2014,69200,9,62,227,210,92,600,3.0714285714285716,0,0,0,14,0,0,7,25,17,49,1.9285714285714286,0,0,0,14,Suppressed,No Data
25,Massachusetts,2015,70659,18,50,250,242,120,680,1.5714285714285714,0.07142857142857142,0,0,14,1,2,11,13,31,58,1,0,0,0,14,0,No Data
25,Massachusetts,2016,75207,13,55,289,283,148,788,5,0,0,0,14,1,0,25,37,26,89,2.642857142857143,0,0,0,14,Suppressed,60
25,Massachusetts,2017,77385,10,39,204,249,137,639,0,0,0,0,14,0,0,10,48,34,92,0,0,0,0,14,Suppressed,No Data
25,Massachusetts,2018,79817,8,61,352,406,239,1066,4.571428571428571,0.42857142857142855,0,0,14,0,1,21,57,54,133,2.9285714285714284,0.2857142857142857,0,0,14,Suppressed,30
25,Massachusetts,2019,85700,8,16,222,291,180,717,1.0714285714285714,0,0,0,14,0,0,12,26,43,81,0.7142857142857143,0,0,0,14,Suppressed,30
25,Massachusetts,2020,87288,8,13,170,233,141,565,4.214285714285714,0.2857142857142857,0,0,14,0,0,13,40,42,95,3.357142857142857,0.2857142857142857,0,0,14,Suppressed,20
26,Michigan,2018,56640,46,127,635,751,324,1883,4.554216867469879,0,0,0,83,4,1,35,105,110,255,3.36144578313253,0,0,0,83,10,40
26,Michigan,2019,59522,26,87,489,511,224,1337,1.2891566265060241,0,0,0,83,0,5,32,64,55,156,0.9879518072289156,0,0,0,83,Suppressed,No Data
26,Michigan,2020,61352,12,46,420,499,257,1234,3.855421686746988,0.54216867469879515,0.012048192771084338,0,83,0,2,29,81,75,187,2.4216867469879517,0.0963855421686747,0,0,83,12,20
27,Minnesota,2011,56944,21,107,494,494,186,1302,26.919540229885058,10.632183908045977,2.839080459770115,0.9540229885057471,87,1,3,20,77,54,155,21.25287356321839,6.850574712643678,1,0.1839080459770115,87,Suppressed,70
27,Minnesota,2012,58828,18,105,460,471,171,1225,42.4367816091954,24.45977011494253,9.206896551724139,2.310344827586207,87,2,3,19,56,44,124,37.48275862068966,19.666666666666668,5.724137931034483,0.896551724137931,87,11,370
27,Minnesota,2013,60664,11,77,332,304,151,875,24.448275862068964,12.425287356321839,6.0344827586206895,1.160919540229885,87,0,1,18,46,29,94,20.344827586206897,10.068965517241379,3.9310344827586206,0.5057471264367817,87,Suppressed,40
27,Minnesota,2014,61473,17,24,182,151,61,435,14.10344827586207,2.6436781609195403,0.7241379310344828,0.06896551724137931,87,1,0,10,15,11,37,11.620689655172415,1.160919540229885,0.2988505747126437,0,87,Suppressed,No Data
27,Minnesota,2015,63459,6,47,259,236,104,652,23.71264367816092,7.712643678160919,1.6436781609195403,0.034482758620689655,87,0,1,7,14,14,36,19.160919540229884,5.344827586206897,0.9195402298850575,0,87,Suppressed,No Data
27,Minnesota,2016,65583,13,65,265,269,116,728,11.39080459770115,2.2873563218390807,0.14942528735632185,0,87,0,0,6,18,9,33,7.333333333333333,0.9885057471264368,0.022988505747126436,0,87,0,30
27,Minnesota,2017,68364,12,36,170,150,70,438,12.275862068965518,2.793103448275862,0.3103448275862069,0,87,1,1,11,7,15,35,8.425287356321839,1.0574712643678161,0,0,87,Suppressed,20
27,Minnesota,2018,70295,13,64,312,348,183,920,16.563218390804597,2.7701149425287355,0.5172413793103449,0.06896551724137931,87,2,2,14,38,33,89,12.620689655172415,1.6436781609195403,0.42528735632183906,0,87,Suppressed,20
27,Minnesota,2019,74529,12,41,226,229,137,645,5.919540229885057,0.22988505747126436,0,0,87,1,2,6,16,20,45,4.494252873563219,0.04597701149425287,0,0,87,Suppressed,30
27,Minnesota,2020,75489,2,22,215,243,131,613,15.436781609195402,3.5977011494252875,0.9310344827586207,0.11494252873563218,87,0,0,7,22,29,58,10.793103448275861,2.8275862068965516,0.6781609195402298,0.06896551724137931,87,Suppressed,60
29,Missouri,2011,45231,37,163,1357,1659,422,3638,72.73913043478261,44.017391304347825,22.05217391304348,9.556521739130435,115,1,0,79,238,160,478,70.4608695652174,41.52173913043478,20.582608695652173,8.521739130434783,115,46,160
29,Missouri,2012,45320,44,148,1204,1366,408,3170,82.57391304347826,58.2695652173913,35.52173913043478,18.408695652173915,115,1,4,75,215,116,411,79.6,55.17391304347826,33.23478260869565,16.252173913043478,115,50,90
29,Missouri,2013,46905,24,78,714,807,223,1846,54.45217391304348,23.51304347826087,9.02608695652174,1.208695652173913,115,1,1,52,111,52,217,50.756521739130434,20.973913043478262,7.834782608695652,0.4260869565217391,115,15,30
29,Missouri,2014,48288,31,99,687,784,224,1825,68.11304347826086,36.89565217391304,17.182608695652174,4.71304347826087,115,0,0,26,94,41,161,63.504347826086956,33.11304347826087,14.31304347826087,3.8521739130434782,115,12,40
29,Missouri,2015,50200,30,87,898,1117,282,2414,35.03478260869565,5.078260869565217,0.02608695652173913,0,115,2,0,58,139,78,277,30.11304347826087,2.8260869565217392,0.02608695652173913,0,115,14,40
29,Missouri,2016,51713,28,124,1136,1396,353,3037,50.678260869565214,10.26086956521739,0.5652173913043478,0.034782608695652174,115,3,3,53,187,104,350,47.7304347826087,7.660869565217391,0.19130434782608696,0,115,23,30
29,Missouri,2017,53506,18,102,708,902,260,1990,40.321739130434786,11.052173913043479,1.6695652173913043,0.21739130434782608,115,0,0,31,124,64,219,36.51304347826087,9.234782608695653,1.008695652173913,0,115,18,70
29,Missouri,2018,54412,25,129,945,1144,302,2545,76.70434782608696,33.47826086956522,9.878260869565217,1.2347826086956522,115,1,2,65,173,108,349,72.20869565217392,30.043478260869566,8.530434782608696,0.9652173913043478,115,25,460
29,Missouri,2019,57375,21,94,846,1076,372,2409,30.94782608695652,3.226086956521739,0.017391304347826087,0,115,1,2,40,124,92,259,25.330434782608695,2.347826086956522,0.017391304347826087,0,115,11,40
29,Missouri,2020,58812,11,42,515,808,290,1666,25.88695652173913,0.9826086956521739,0.008695652173913044,0,115,1,0,23,71,73,168,20.321739130434782,0.5565217391304348,0,0,115,Suppressed,No Data
31,Nebraska,2014,52803,3,21,113,92,42,271,42.56989247311828,21.967741935483872,8.451612903225806,3.3655913978494625,93,0,0,1,5,3,9,37.333333333333336,18.967741935483872,6.591397849462366,2.4946236559139785,93,Suppressed,No Data
31,Nebraska,2015,55073,5,24,125,132,59,345,47.54838709677419,20.78494623655914,4.838709677419355,0.24731182795698925,93,0,0,1,8,7,16,42,15.311827956989248,2.021505376344086,0,93,0,40
31,Nebraska,2016,56979,3,44,174,189,77,487,53.69892473118279,21.602150537634408,5.172043010752688,0.8709677419354839,93,0,0,2,17,21,40,49.83870967741935,16.978494623655912,3.7096774193548385,0.7096774193548387,93,Suppressed,30
31,Nebraska,2017,59913,4,38,158,143,84,427,46.17204301075269,21.49462365591398,8.24731182795699,1.086021505376344,93,0,0,2,19,18,39,40.505376344086024,17.677419354838708,6.333333333333333,0.10752688172043011,93,Suppressed,60
31,Nebraska,2018,59724,4,33,164,173,103,477,52.55913978494624,18.397849462365592,2.978494623655914,0.10752688172043011,93,0,0,7,10,21,38,47.204301075268816,14.408602150537634,1.967741935483871,0.07526881720430108,93,Suppressed,30
31,Nebraska,2019,63290,10,23,166,184,96,479,30.838709677419356,8.053763440860216,0.41935483870967744,0,93,0,0,5,19,18,42,23.86021505376344,5.849462365591398,0.2903225806451613,0,93,Suppressed,No Data
31,Nebraska,2020,64735,3,11,122,128,79,343,66.59139784946237,28.70967741935484,10.548387096774194,1.1505376344086022,93,0,0,5,16,14,35,60.473118279569896,23.946236559139784,8.064516129032258,0.1935483870967742,93,Suppressed,20
33,New Hampshire,2012,63157,1,6,85,74,39,205,0.4,0,0,0,10,0,0,3,5,7,15,0,0,0,0,10,Suppressed,No Data
33,New Hampshire,2013,64064,4,11,91,106,45,257,2.2,0,0,0,10,0,0,1,7,5,13,1.4,0,0,0,10,Suppressed,No Data
33,New Hampshire,2014,66469,5,9,58,63,17,152,0.6,0,0,0,10,0,0,2,8,2,12,0.2,0,0,0,10,0,No Data
33,New Hampshire,2015,70003,1,18,50,52,29,150,0,0,0,0,10,0,0,1,5,4,10,0,0,0,0,10,0,No Data
33,New Hampshire,2016,70986,3,21,59,73,43,199,1.4,0.1,0,0,10,0,0,2,1,5,8,0.8,0,0,0,10,0,No Data
33,New Hampshire,2017,73638,5,18,59,58,37,177,0,0,0,0,10,0,0,0,6,6,12,0,0,0,0,10,0,No Data
33,New Hampshire,2018,75322,11,16,98,95,51,271,0.7,0,0,0,10,0,0,0,8,4,12,0.4,0,0,0,10,0,No Data
33,New Hampshire,2019,78571,5,13,65,74,32,189,0.4,0,0,0,10,0,0,5,3,6,14,0,0,0,0,10,Suppressed,No Data
33,New Hampshire,2020,81415,4,5,47,68,37,161,0.6,0,0,0,10,0,0,2,6,9,17,0.2,0,0,0,10,Suppressed,No Data
34,New Jersey,2011,67574,19,91,300,436,210,1056,11.142857142857142,2.8095238095238093,0.3333333333333333,0,21,0,2,7,55,70,134,8.19047619047619,2.238095238095238,0,0,21,16,90
34,New Jersey,2012,69705,21,102,491,596,180,1390,23.952380952380953,6.0476190476190474,0.7619047619047619,0,21,1,1,18,84,79,183,22.095238095238095,2.2857142857142856,0,0,21,Suppressed,50
34,New Jersey,2013,70224,12,100,509,558,172,1351,13.047619047619047,2.8095238095238093,0.047619047619047616,0,21,1,2,24,82,84,193,11.476190476190476,2.2857142857142856,0,0,21,Suppressed,50
34,New Jersey,2014,71968,18,69,281,258,104,730,10.904761904761905,2,0,0,21,2,1,16,26,28,73,6.523809523809524,0.38095238095238093,0,0,21,0,50
34,New Jersey,2015,72337,27,107,418,386,155,1093,5.333333333333333,0.047619047619047616,0,0,21,0,2,26,52,45,125,3.8095238095238093,0,0,0,21,Suppressed,20
34,New Jersey,2016,76212,13,115,441,519,194,1282,15.095238095238095,0.9523809523809523,0,0,21,1,2,27,68,73,171,10.285714285714286,0.42857142857142855,0,0,21,Suppressed,110
34,New Jersey,2017,80106,9,79,268,315,131,802,4.285714285714286,0,0,0,21,0,0,14,33,30,77,2.9047619047619047,0,0,0,21,Suppressed,30
34,New Jersey,2018,81777,20,103,397,458,212,1190,8.904761904761905,0,0,0,21,13,0,25,63,61,162,7.476190476190476,0,0,0,21,Suppressed,100
34,New Jersey,2019,85786,15,100,346,454,175,1090,4.9523809523809526,0.3333333333333333,0,0,21,0,0,11,61,58,130,2.857142857142857,0.19047619047619047,0,0,21,Suppressed,50
34,New Jersey,2020,87095,2,38,208,330,120,698,7.904761904761905,0,0,0,21,0,0,15,51,52,118,5.857142857142857,0,0,0,21,Suppressed,50
35,New Mexico,2011,42097,7,24,108,94,30,263,60,34.121212121212125,9.969696969696969,1,33,0,1,8,13,11,33,58.27272727272727,32.60606060606061,9.030303030303031,0.6666666666666666,33,Suppressed,No Data
35,New Mexico,2012,42828,7,19,100,107,29,262,62.15151515151515,27.424242424242426,6.151515151515151,0.3939393939393939,33,6,4,14,10,13,47,60.09090909090909,25.21212121212121,5.212121212121212,0.18181818181818182,33,Suppressed,No Data
35,New Mexico,2013,44026,10,19,100,117,28,274,44.42424242424242,19.575757575757574,4.333333333333333,0.36363636363636365,33,2,0,4,6,4,16,41.878787878787875,17.666666666666668,3.5454545454545454,0.18181818181818182,33,Suppressed,No Data
35,New Mexico,2014,44905,6,21,100,89,29,245,36,14.272727272727273,3,0.36363636363636365,33,0,0,4,12,7,23,33.21212121212121,12.757575757575758,2.4545454545454546,0.24242424242424243,33,Suppressed,No Data
35,New Mexico,2015,45524,7,23,113,121,36,300,45.93939393939394,16.818181818181817,2.8181818181818183,0.030303030303030304,33,0,0,6,17,10,33,43.93939393939394,14.878787878787879,2.1818181818181817,0,33,Suppressed,30
35,New Mexico,2016,46844,2,20,116,149,52,339,42.484848484848484,20.09090909090909,5.303030303030303,0.5757575757575758,33,1,1,7,19,10,38,40.39393939393939,19.060606060606062,4.757575757575758,0.48484848484848486,33,10,No Data
35,New Mexico,2017,47086,6,18,106,121,55,306,38.15151515151515,13.727272727272727,3.1818181818181817,0.3939393939393939,33,1,0,4,24,3,32,35.84848484848485,12.424242424242424,2.757575757575758,0.2727272727272727,33,Suppressed,No Data
35,New Mexico,2018,47405,4,26,102,134,54,320,54.84848484848485,22.333333333333332,5.0606060606060606,0.36363636363636365,33,1,1,7,12,18,39,52.45454545454545,20.303030303030305,3.8484848484848486,0.12121212121212122,33,Suppressed,No Data
35,New Mexico,2019,52021,8,35,109,137,38,327,51.21212121212121,21.696969696969695,4.212121212121212,0.24242424242424243,33,0,0,6,22,13,41,49.484848484848484,19.848484848484848,3.5757575757575757,0.06060606060606061,33,Suppressed,No Data
35,New Mexico,2020,52285,2,6,94,129,62,293,62,30.09090909090909,8.272727272727273,1.4848484848484849,33,0,0,6,21,19,46,59.39393939393939,28.060606060606062,7.242424242424242,1.121212121212121,33,12,No Data
36,New York,2011,55147,52,221,871,1029,545,2718,2,0.3064516129032258,0.016129032258064516,0,62,5,2,44,146,218,415,1.3548387096774193,0.20967741935483872,0,0,62,44,90
36,New York,2012,56357,44,212,811,981,501,2549,3.8225806451612905,0.7903225806451613,0.0967741935483871,0,62,4,3,46,138,166,357,2.6774193548387095,0.3225806451612903,0,0,62,15,50
36,New York,2013,57255,45,170,827,949,588,2579,3.338709677419355,0.7580645161290323,0.016129032258064516,0,62,2,2,39,142,205,390,2.4838709677419355,0.6935483870967742,0,0,62,42,100
36,New York,2014,58771,33,108,475,440,193,1249,0.6451612903225806,0,0,0,62,3,1,26,55,47,132,0.1935483870967742,0,0,0,62,Suppressed,40
36,New York,2015,60805,39,151,825,884,353,2252,0.6612903225806451,0,0,0,62,3,8,35,62,68,176,0.3064516129032258,0,0,0,62,Suppressed,40
36,New York,2016,62700,39,141,681,809,440,2110,3.6451612903225805,0.06451612903225806,0,0,62,5,3,36,94,141,279,2.129032258064516,0,0,0,62,11,80
36,New York,2017,64783,28,110,425,501,310,1374,0.43548387096774194,0,0,0,62,1,0,24,72,106,203,0.25806451612903225,0,0,0,62,13,60
36,New York,2018,67648,51,179,728,957,590,2505,2.9516129032258065,0,0,0,62,2,5,48,136,172,363,2.064516129032258,0,0,0,62,17,250
36,New York,2019,72038,30,127,575,730,508,1970,1.1129032258064515,0.016129032258064516,0,0,62,1,2,32,123,159,317,0.6774193548387096,0,0,0,62,26,60
36,New York,2020,73354,16,43,395,565,396,1415,1.6129032258064515,0.03225806451612903,0,0,62,1,2,36,108,141,288,0.8548387096774194,0.03225806451612903,0,0,62,13,90
41,Oregon,2018,63168,7,28,148,218,101,502,11.472222222222221,4.583333333333333,1.4166666666666667,0.2777777777777778,36,0,0,3,16,10,29,9.972222222222221,3.861111111111111,1.0833333333333333,0.19444444444444445,36,Suppressed,40
41,Oregon,2019,66955,2,18,131,155,86,392,6.25,1.9166666666666667,0.4166666666666667,0,36,0,1,3,13,10,27,5.194444444444445,1.5277777777777777,0.3611111111111111,0,36,Suppressed,No Data
41,Oregon,2020,67832,3,14,104,129,87,337,11.194444444444445,3.4722222222222223,1.0555555555555556,0.16666666666666666,36,0,0,6,14,13,33,9.63888888888889,2.611111111111111,0.6666666666666666,0.1111111111111111,36,Suppressed,No Data
42,Pennsylvania,2016,56897,6,49,200,231,98,584,9.08955223880597,0.4626865671641791,0,0,67,0,3,43,95,96,237,6.731343283582089,0.05970149253731343,0,0,67,20,30
42,Pennsylvania,2017,59165,10,58,260,253,132,713,1.3432835820895523,0,0,0,67,0,3,25,75,77,180,0.8656716417910447,0,0,0,67,Suppressed,30
42,Pennsylvania,2018,60891,16,92,459,544,273,1384,3.08955223880597,0,0,0,67,3,6,42,128,120,299,2.328358208955224,0,0,0,67,29,80
42,Pennsylvania,2019,63455,23,84,492,551,252,1402,2.208955223880597,0.029850746268656716,0,0,67,0,3,37,88,115,243,1.6417910447761195,0,0,0,67,23,100
42,Pennsylvania,2020,64898,14,46,374,443,203,1080,3.343283582089552,0,0,0,67,2,1,25,83,95,206,2.044776119402985,0,0,0,67,18,50
44,Rhode Island,2011,53152,2,11,33,48,18,112,1.6,0.6,0,0,5,0,0,4,7,4,15,1.2,0,0,0,5,0,No Data
44,Rhode Island,2012,54002,3,7,62,64,29,165,5,0,0,0,5,0,0,3,4,10,17,2.2,0,0,0,5,0,No Data
44,Rhode Island,2013,55015,5,10,78,79,40,212,3.8,0,0,0,5,1,0,5,9,5,20,2.8,0,0,0,5,Suppressed,No Data
44,Rhode Island,2014,54797,3,7,29,44,12,95,3,0,0,0,5,0,0,1,1,5,7,2,0,0,0,5,Suppressed,No Data
44,Rhode Island,2015,57265,3,8,43,53,24,131,3.8,0.4,0,0,5,0,0,1,6,4,11,1.6,0,0,0,5,0,No Data
44,Rhode Island,2016,60046,1,6,55,79,31,172,9.4,0.2,0,0,5,0,0,0,8,4,12,5.8,0,0,0,5,Suppressed,No Data
44,Rhode Island,2017,62923,0,15,41,39,22,117,0,0,0,0,5,0,0,2,5,10,17,0,0,0,0,5,0,No Data
44,Rhode Island,2018,63787,3,7,60,71,28,169,9.4,1.4,0,0,5,0,0,5,8,14,27,6.4,0.4,0,0,5,Suppressed,No Data
44,Rhode Island,2019,70383,1,7,66,53,30,157,1.2,0,0,0,5,0,1,3,6,7,17,1.2,0,0,0,5,Suppressed,No Data
44,Rhode Island,2020,73919,0,1,22,28,16,67,10.4,1.2,0,0,5,0,0,4,3,3,10,8,1.2,0,0,5,0,No Data
45,South Carolina,2011,42477,17,92,904,969,251,2233,95.28260869565217,47.80434782608695,10.869565217391305,0.30434782608695654,46,1,3,54,160,68,286,93.6304347826087,43.71739130434783,8.608695652173912,0.13043478260869565,46,10,90
45,South Carolina,2012,43290,15,56,650,760,185,1666,56.47826086956522,22.934782608695652,9.282608695652174,1.5217391304347827,46,1,2,33,97,49,182,52.91304347826087,21.282608695652176,8.608695652173912,1.2608695652173914,46,10,20
45,South Carolina,2013,44310,11,51,462,529,141,1194,11.695652173913043,0.7391304347826086,0,0,46,0,0,37,63,24,124,9.152173913043478,0.391304347826087,0,0,46,Suppressed,40
45,South Carolina,2014,45337,16,74,638,667,179,1574,59.34782608695652,22.695652173913043,5.1521739130434785,0,46,1,0,33,78,41,153,54.21739130434783,20.02173913043478,4.304347826086956,0,46,Suppressed,60
45,South Carolina,2016,49587,20,102,990,1189,364,2665,68.21739130434783,15.456521739130435,0.13043478260869565,0,46,0,0,48,135,70,253,65,12.152173913043478,0,0,46,12,450
45,South Carolina,2017,50675,19,56,655,929,265,1924,41.34782608695652,4.086956521739131,0,0,46,0,1,42,106,45,194,36.26086956521739,3.152173913043478,0,0,46,10,80
45,South Carolina,2018,52449,10,62,776,976,345,2169,61.369565217391305,7.869565217391305,0,0,46,0,3,61,110,58,232,55.17391304347826,6.608695652173913,0,0,46,23,70
45,South Carolina,2019,56360,21,69,890,1101,375,2456,84.97826086956522,24.73913043478261,0.6739130434782609,0,46,1,1,68,111,77,258,81.76086956521739,21.67391304347826,0.1956521739130435,0,46,Suppressed,110
45,South Carolina,2020,57216,9,27,501,709,267,1513,42.69565217391305,1.7608695652173914,0,0,46,0,0,43,66,43,152,38.80434782608695,0.9565217391304348,0,0,46,13,20
47,Tennessee,2011,41691,33,149,1276,1519,383,3360,42.55789473684211,11.642105263157895,2.3263157894736843,0.3263157894736842,95,1,1,63,209,112,386,40.38947368421053,10.210526315789474,1.768421052631579,0.14736842105263157,95,20,180
47,Tennessee,2012,42743,28,126,986,1230,326,2696,45.242105263157896,19.6,7.326315789473684,1.7052631578947368,95,1,1,50,157,88,297,42.54736842105263,18.326315789473686,6.526315789473684,1.2736842105263158,95,25,140
47,Tennessee,2013,44268,12,84,667,790,193,1746,12.473684210526315,2.863157894736842,0.6631578947368421,0,95,0,1,37,84,35,157,10.536842105263158,2.263157894736842,0.6421052631578947,0,95,Suppressed,160
47,Tennessee,2014,44357,19,93,681,797,208,1798,35,12.305263157894737,3.8842105263157896,0.5157894736842106,95,0,0,27,76,38,141,31.957894736842107,10.842105263157896,3.5052631578947366,0.4631578947368421,95,Suppressed,90
47,Tennessee,2015,47243,38,117,1020,1236,316,2727,26.36842105263158,3.4,0.042105263157894736,0,95,0,1,49,147,69,266,23.2,2.8842105263157896,0,0,95,22,40
47,Tennessee,2016,48506,25,145,1282,1537,386,3375,36.66315789473684,1.7052631578947368,0,0,95,0,1,57,181,85,324,31.936842105263157,1,0,0,95,18,120
47,Tennessee,2017,51319,22,98,850,1056,266,2292,15.221052631578948,1.6210526315789473,0,0,95,0,3,44,113,52,212,13.25263157894737,1.2947368421052632,0,0,95,14,60
47,Tennessee,2018,52366,35,148,982,1420,461,3046,24,2.0631578947368423,0.021052631578947368,0,95,0,1,46,149,80,276,20.96842105263158,1.4105263157894736,0,0,95,20,70
47,Tennessee,2019,56047,18,133,994,1412,400,2957,27.147368421052633,2.168421052631579,0.021052631578947368,0,95,0,3,46,158,85,292,24.53684210526316,1.7578947368421052,0,0,95,13,140
47,Tennessee,2020,56962,16,64,605,768,293,1746,13.221052631578948,0.11578947368421053,0,0,95,0,0,31,91,54,176,10.578947368421053,0.031578947368421054,0,0,95,11,380
49,Utah,2011,55802,3,22,83,61,26,195,11.10344827586207,2.6551724137931036,0.3448275862068966,0,29,0,1,1,6,9,17,9.620689655172415,2.2758620689655173,0.27586206896551724,0,29,Suppressed,No Data
49,Utah,2012,57067,4,23,98,86,27,238,22.79310344827586,4.413793103448276,0.5862068965517241,0.06896551724137931,29,0,0,12,9,6,27,21.310344827586206,3.7586206896551726,0.4482758620689655,0.06896551724137931,29,Suppressed,20
49,Utah,2013,59715,6,36,130,115,53,340,17.413793103448278,4.310344827586207,0.896551724137931,0.20689655172413793,29,0,0,4,18,11,33,16.344827586206897,3.8275862068965516,0.8275862068965517,0.20689655172413793,29,Suppressed,No Data
49,Utah,2014,60943,8,20,119,75,32,254,9.068965517241379,2.0689655172413794,0.3103448275862069,0,29,0,0,5,11,5,21,8.03448275862069,1.6896551724137931,0.2413793103448276,0,29,Suppressed,No Data
49,Utah,2015,62961,8,20,107,97,37,269,14.310344827586206,3.689655172413793,0.7931034482758621,0.13793103448275862,29,0,2,3,7,6,18,12.689655172413794,3.310344827586207,0.7241379310344828,0.10344827586206896,29,Suppressed,No Data
49,Utah,2016,65931,11,31,137,115,29,323,14.448275862068966,3.5517241379310347,0.7586206896551724,0.13793103448275862,29,1,0,7,23,13,44,13.448275862068966,3.1724137931034484,0.5862068965517241,0.10344827586206896,29,Suppressed,No Data
49,Utah,2017,68395,11,26,113,124,55,329,17.517241379310345,3.6206896551724137,0.8275862068965517,0.13793103448275862,29,0,0,9,12,16,37,16.137931034482758,3.1724137931034484,0.7931034482758621,0.13793103448275862,29,Suppressed,No Data
49,Utah,2018,71381,15,32,137,132,54,370,26.79310344827586,7.0344827586206895,1.3103448275862069,0.13793103448275862,29,0,1,6,22,13,42,24.96551724137931,5.724137931034483,1.103448275862069,0.13793103448275862,29,Suppressed,No Data
49,Utah,2019,75705,9,29,118,127,42,325,16.82758620689655,3.206896551724138,0.7241379310344828,0,29,0,2,3,15,9,29,15.655172413793103,2.586206896551724,0.6206896551724138,0,29,Suppressed,No Data
49,Utah,2020,77785,10,15,106,154,50,335,27.862068965517242,9.206896551724139,1.6551724137931034,0.4482758620689655,29,1,0,10,21,9,41,26.413793103448278,8.655172413793103,1.5517241379310345,0.4482758620689655,29,Suppressed,No Data
51,Virginia,2020,79154,13,42,431,614,256,1356,20.93233082706767,3.9097744360902253,0.18045112781954886,0,133,0,1,33,64,65,163,18.05263157894737,3.4135338345864663,0.16541353383458646,0,133,11,120
55,Wisconsin,2011,50401,11,90,499,523,208,1331,17.72222222222222,6.013888888888889,1.8472222222222223,0.5555555555555556,72,0,1,13,54,46,114,13.152777777777779,3.75,0.9444444444444444,0.2916666666666667,72,Suppressed,90
55,Wisconsin,2012,51063,25,102,628,675,281,1711,35.791666666666664,19.333333333333332,8.125,2.8333333333333335,72,0,1,17,52,85,155,32.236111111111114,15.23611111111111,6.263888888888889,1.8888888888888888,72,23,70
55,Wisconsin,2013,51474,13,53,384,383,137,970,17.22222222222222,8.569444444444445,3.25,0.18055555555555555,72,0,1,12,34,31,78,14.708333333333334,7.013888888888889,2.0416666666666665,0,72,11,30
55,Wisconsin,2014,52632,11,29,175,164,69,448,15.652777777777779,4.291666666666667,1.4166666666666667,0.16666666666666666,72,0,0,4,7,15,26,11.5,2.0416666666666665,0.5555555555555556,0,72,Suppressed,20
55,Wisconsin,2015,55623,14,59,297,299,124,793,8.48611111111111,1.625,0.08333333333333333,0,72,0,0,7,25,17,49,6.513888888888889,0.5694444444444444,0,0,72,Suppressed,50
55,Wisconsin,2016,56808,16,58,396,402,181,1053,4.013888888888889,0.013888888888888888,0,0,72,0,0,16,25,22,63,1.7638888888888888,0,0,0,72,Suppressed,20
55,Wisconsin,2017,59300,11,45,256,235,147,694,0.7361111111111112,0,0,0,72,0,0,9,17,32,58,0.4583333333333333,0,0,0,72,Suppressed,50
55,Wisconsin,2018,60779,17,59,427,513,250,1266,5.444444444444445,0.05555555555555555,0,0,72,0,1,11,32,38,82,3.4027777777777777,0,0,0,72,Suppressed,70
55,Wisconsin,2019,64177,15,49,295,346,166,871,1.1388888888888888,0.041666666666666664,0,0,72,1,0,6,21,29,57,0.5833333333333334,0,0,0,72,Suppressed,20
55,Wisconsin,2020,64901,6,32,266,316,171,791,1.7083333333333333,0,0,0,72,1,0,8,23,35,67,0.7777777777777778,0,0,0,72,Suppressed,20
