"StateFIPS","State","Year","Value","Data Comment",
"01","Alabama","2011","160","",
"01","Alabama","2012","50","",
"01","Alabama","2013","100","",
"01","Alabama","2014","60","",
"01","Alabama","2015","40","",
"01","Alabama","2016","80","",
"01","Alabama","2017","70","",
"01","Alabama","2018","30","",
"01","Alabama","2019","50","",
"01","Alabama","2020","20","",
"02","Alaska","2011","No Data","",
"02","Alaska","2012","No Data","",
"02","Alaska","2013","No Data","",
"02","Alaska","2014","No Data","",
"02","Alaska","2015","No Data","",
"02","Alaska","2016","No Data","",
"02","Alaska","2017","No Data","",
"02","Alaska","2018","No Data","",
"02","Alaska","2019","No Data","",
"02","Alaska","2020","No Data","",
"04","Arizona","2011","90","",
"04","Arizona","2012","110","",
"04","Arizona","2013","100","",
"04","Arizona","2014","70","",
"04","Arizona","2015","110","",
"04","Arizona","2016","110","",
"04","Arizona","2017","140","",
"04","Arizona","2018","80","",
"04","Arizona","2019","120","",
"04","Arizona","2020","170","",
"05","Arkansas","2011","160","",
"05","Arkansas","2012","110","",
"05","Arkansas","2013","80","",
"05","Arkansas","2014","30","",
"05","Arkansas","2015","50","",
"05","Arkansas","2016","60","",
"05","Arkansas","2017","50","",
"05","Arkansas","2018","30","",
"05","Arkansas","2019","130","",
"05","Arkansas","2020","40","",
"06","California","2011","250","",
"06","California","2012","250","",
"06","California","2013","250","",
"06","California","2014","380","",
"06","California","2015","270","",
"06","California","2016","220","",
"06","California","2017","480","",
"06","California","2018","280","",
"06","California","2019","400","",
"06","California","2020","240","",
"08","Colorado","2011","No Data","",
"08","Colorado","2012","No Data","",
"08","Colorado","2013","No Data","",
"08","Colorado","2014","No Data","",
"08","Colorado","2015","No Data","",
"08","Colorado","2016","No Data","",
"08","Colorado","2017","No Data","",
"08","Colorado","2018","No Data","",
"08","Colorado","2019","No Data","",
"08","Colorado","2020","No Data","",
"09","Connecticut","2011","No Data","",
"09","Connecticut","2012","40","",
"09","Connecticut","2013","30","",
"09","Connecticut","2014","No Data","",
"09","Connecticut","2015","20","",
"09","Connecticut","2016","No Data","",
"09","Connecticut","2017","20","",
"09","Connecticut","2018","No Data","",
"09","Connecticut","2019","No Data","",
"09","Connecticut","2020","No Data","",
"10","Delaware","2011","No Data","",
"10","Delaware","2012","No Data","",
"10","Delaware","2013","No Data","",
"10","Delaware","2014","No Data","",
"10","Delaware","2015","20","",
"10","Delaware","2016","No Data","",
"10","Delaware","2017","No Data","",
"10","Delaware","2018","20","",
"10","Delaware","2019","No Data","",
"10","Delaware","2020","No Data","",
"11","District of Columbia","2011","No Data","",
"11","District of Columbia","2012","No Data","",
"11","District of Columbia","2013","No Data","",
"11","District of Columbia","2014","No Data","",
"11","District of Columbia","2015","No Data","",
"11","District of Columbia","2016","No Data","",
"11","District of Columbia","2017","No Data","",
"11","District of Columbia","2018","No Data","",
"11","District of Columbia","2019","No Data","",
"11","District of Columbia","2020","No Data","",
"12","Florida","2011","No Data","",
"12","Florida","2012","No Data","",
"12","Florida","2013","No Data","",
"12","Florida","2014","No Data","",
"12","Florida","2015","No Data","",
"12","Florida","2016","No Data","",
"12","Florida","2017","No Data","",
"12","Florida","2018","No Data","",
"12","Florida","2019","No Data","",
"12","Florida","2020","No Data","",
"13","Georgia","2011","110","",
"13","Georgia","2012","20","",
"13","Georgia","2013","No Data","",
"13","Georgia","2014","40","",
"13","Georgia","2015","180","",
"13","Georgia","2016","150","",
"13","Georgia","2017","110","",
"13","Georgia","2018","60","",
"13","Georgia","2019","70","",
"13","Georgia","2020","No Data","",
"15","Hawaii","2011","No Data","",
"15","Hawaii","2012","No Data","",
"15","Hawaii","2013","No Data","",
"15","Hawaii","2014","No Data","",
"15","Hawaii","2015","No Data","",
"15","Hawaii","2016","20","",
"15","Hawaii","2017","No Data","",
"15","Hawaii","2018","No Data","",
"15","Hawaii","2019","No Data","",
"15","Hawaii","2020","No Data","",
"16","Idaho","2011","No Data","",
"16","Idaho","2012","No Data","",
"16","Idaho","2013","No Data","",
"16","Idaho","2014","No Data","",
"16","Idaho","2015","No Data","",
"16","Idaho","2016","No Data","",
"16","Idaho","2017","No Data","",
"16","Idaho","2018","No Data","",
"16","Idaho","2019","No Data","",
"16","Idaho","2020","No Data","",
"17","Illinois","2011","170","",
"17","Illinois","2012","330","",
"17","Illinois","2013","130","",
"17","Illinois","2014","50","",
"17","Illinois","2015","80","",
"17","Illinois","2016","150","",
"17","Illinois","2017","160","",
"17","Illinois","2018","80","",
"17","Illinois","2019","50","",
"17","Illinois","2020","50","",
"18","Indiana","2011","100","",
"18","Indiana","2012","250","",
"18","Indiana","2013","240","",
"18","Indiana","2014","20","",
"18","Indiana","2015","30","",
"18","Indiana","2016","40","",
"18","Indiana","2017","50","",
"18","Indiana","2018","60","",
"18","Indiana","2019","60","",
"18","Indiana","2020","20","",
"19","Iowa","2011","160","",
"19","Iowa","2012","30","",
"19","Iowa","2013","80","",
"19","Iowa","2014","No Data","",
"19","Iowa","2015","20","",
"19","Iowa","2016","50","",
"19","Iowa","2017","80","",
"19","Iowa","2018","30","",
"19","Iowa","2019","No Data","",
"19","Iowa","2020","60","",
"20","Kansas","2011","70","",
"20","Kansas","2012","70","",
"20","Kansas","2013","50","",
"20","Kansas","2014","20","",
"20","Kansas","2015","140","",
"20","Kansas","2016","80","",
"20","Kansas","2017","30","",
"20","Kansas","2018","40","",
"20","Kansas","2019","50","",
"20","Kansas","2020","30","",
"21","Kentucky","2011","120","",
"21","Kentucky","2012","90","",
"21","Kentucky","2013","50","",
"21","Kentucky","2014","40","",
"21","Kentucky","2015","60","",
"21","Kentucky","2016","70","",
"21","Kentucky","2017","20","",
"21","Kentucky","2018","50","",
"21","Kentucky","2019","20","",
"21","Kentucky","2020","40","",
"22","Louisiana","2011","90","",
"22","Louisiana","2012","80","",
"22","Louisiana","2013","80","",
"22","Louisiana","2014","50","",
"22","Louisiana","2015","50","",
"22","Louisiana","2016","80","",
"22","Louisiana","2017","60","",
"22","Louisiana","2018","90","",
"22","Louisiana","2019","60","",
"22","Louisiana","2020","20","",
"23","Maine","2011","No Data","",
"23","Maine","2012","20","",
"23","Maine","2013","No Data","",
"23","Maine","2014","No Data","",
"23","Maine","2015","No Data","",
"23","Maine","2016","20","",
"23","Maine","2017","No Data","",
"23","Maine","2018","No Data","",
"23","Maine","2019","20","",
"23","Maine","2020","No Data","",
"24","Maryland","2011","80","",
"24","Maryland","2012","90","",
"24","Maryland","2013","50","",
"24","Maryland","2014","20","",
"24","Maryland","2015","60","",
"24","Maryland","2016","60","",
"24","Maryland","2017","20","",
"24","Maryland","2018","130","",
"24","Maryland","2019","130","",
"24","Maryland","2020","40","",
"25","Massachusetts","2011","20","",
"25","Massachusetts","2012","No Data","",
"25","Massachusetts","2013","20","",
"25","Massachusetts","2014","No Data","",
"25","Massachusetts","2015","No Data","",
"25","Massachusetts","2016","60","",
"25","Massachusetts","2017","No Data","",
"25","Massachusetts","2018","30","",
"25","Massachusetts","2019","30","",
"25","Massachusetts","2020","20","",
"26","Michigan","2011","No Data","",
"26","Michigan","2012","70","",
"26","Michigan","2013","40","",
"26","Michigan","2014","30","",
"26","Michigan","2015","No Data","",
"26","Michigan","2016","30","",
"26","Michigan","2017","No Data","",
"26","Michigan","2018","40","",
"26","Michigan","2019","No Data","",
"26","Michigan","2020","20","",
"27","Minnesota","2011","70","",
"27","Minnesota","2012","370","",
"27","Minnesota","2013","40","",
"27","Minnesota","2014","No Data","",
"27","Minnesota","2015","No Data","",
"27","Minnesota","2016","30","",
"27","Minnesota","2017","20","",
"27","Minnesota","2018","20","",
"27","Minnesota","2019","30","",
"27","Minnesota","2020","60","",
"28","Mississippi","2011","No Data","",
"28","Mississippi","2012","No Data","",
"28","Mississippi","2013","No Data","",
"28","Mississippi","2014","No Data","",
"28","Mississippi","2015","No Data","",
"28","Mississippi","2016","No Data","",
"28","Mississippi","2017","No Data","",
"28","Mississippi","2018","No Data","",
"28","Mississippi","2019","No Data","",
"28","Mississippi","2020","No Data","",
"29","Missouri","2011","160","",
"29","Missouri","2012","90","",
"29","Missouri","2013","30","",
"29","Missouri","2014","40","",
"29","Missouri","2015","40","",
"29","Missouri","2016","30","",
"29","Missouri","2017","70","",
"29","Missouri","2018","460","",
"29","Missouri","2019","40","",
"29","Missouri","2020","No Data","",
"30","Montana","2011","No Data","",
"30","Montana","2012","No Data","",
"30","Montana","2013","No Data","",
"30","Montana","2014","No Data","",
"30","Montana","2015","No Data","",
"30","Montana","2016","No Data","",
"30","Montana","2017","No Data","",
"30","Montana","2018","No Data","",
"30","Montana","2019","No Data","",
"30","Montana","2020","No Data","",
"31","Nebraska","2011","360","",
"31","Nebraska","2012","60","",
"31","Nebraska","2013","70","",
"31","Nebraska","2014","No Data","",
"31","Nebraska","2015","40","",
"31","Nebraska","2016","30","",
"31","Nebraska","2017","60","",
"31","Nebraska","2018","30","",
"31","Nebraska","2019","No Data","",
"31","Nebraska","2020","20","",
"32","Nevada","2011","No Data","",
"32","Nevada","2012","30","",
"32","Nevada","2013","30","",
"32","Nevada","2014","No Data","",
"32","Nevada","2015","No Data","",
"32","Nevada","2016","No Data","",
"32","Nevada","2017","20","",
"32","Nevada","2018","No Data","",
"32","Nevada","2019","No Data","",
"32","Nevada","2020","20","",
"33","New Hampshire","2011","No Data","",
"33","New Hampshire","2012","No Data","",
"33","New Hampshire","2013","No Data","",
"33","New Hampshire","2014","No Data","",
"33","New Hampshire","2015","No Data","",
"33","New Hampshire","2016","No Data","",
"33","New Hampshire","2017","No Data","",
"33","New Hampshire","2018","No Data","",
"33","New Hampshire","2019","No Data","",
"33","New Hampshire","2020","No Data","",
"34","New Jersey","2011","90","",
"34","New Jersey","2012","50","",
"34","New Jersey","2013","50","",
"34","New Jersey","2014","50","",
"34","New Jersey","2015","20","",
"34","New Jersey","2016","110","",
"34","New Jersey","2017","30","",
"34","New Jersey","2018","100","",
"34","New Jersey","2019","50","",
"34","New Jersey","2020","50","",
"35","New Mexico","2011","No Data","",
"35","New Mexico","2012","No Data","",
"35","New Mexico","2013","No Data","",
"35","New Mexico","2014","No Data","",
"35","New Mexico","2015","30","",
"35","New Mexico","2016","No Data","",
"35","New Mexico","2017","No Data","",
"35","New Mexico","2018","No Data","",
"35","New Mexico","2019","No Data","",
"35","New Mexico","2020","No Data","",
"36","New York","2011","90","",
"36","New York","2012","50","",
"36","New York","2013","100","",
"36","New York","2014","40","",
"36","New York","2015","40","",
"36","New York","2016","80","",
"36","New York","2017","60","",
"36","New York","2018","250","",
"36","New York","2019","60","",
"36","New York","2020","90","",
"37","North Carolina","2011","200","",
"37","North Carolina","2012","110","",
"37","North Carolina","2013","70","",
"37","North Carolina","2014","80","",
"37","North Carolina","2015","110","",
"37","North Carolina","2016","120","",
"37","North Carolina","2017","110","",
"37","North Carolina","2018","120","",
"37","North Carolina","2019","90","",
"37","North Carolina","2020","120","",
"38","North Dakota","2011","No Data","",
"38","North Dakota","2012","No Data","",
"38","North Dakota","2013","No Data","",
"38","North Dakota","2014","No Data","",
"38","North Dakota","2015","No Data","",
"38","North Dakota","2016","No Data","",
"38","North Dakota","2017","No Data","",
"38","North Dakota","2018","No Data","",
"38","North Dakota","2019","No Data","",
"38","North Dakota","2020","No Data","",
"39","Ohio","2011","No Data","",
"39","Ohio","2012","50","",
"39","Ohio","2013","100","",
"39","Ohio","2014","20","",
"39","Ohio","2015","No Data","",
"39","Ohio","2016","40","",
"39","Ohio","2017","30","",
"39","Ohio","2018","190","",
"39","Ohio","2019","20","",
"39","Ohio","2020","40","",
"40","Oklahoma","2011","180","",
"40","Oklahoma","2012","210","",
"40","Oklahoma","2013","No Data","",
"40","Oklahoma","2014","No Data","",
"40","Oklahoma","2015","No Data","",
"40","Oklahoma","2016","No Data","",
"40","Oklahoma","2017","No Data","",
"40","Oklahoma","2018","No Data","",
"40","Oklahoma","2019","No Data","",
"40","Oklahoma","2020","60","",
"41","Oregon","2011","No Data","",
"41","Oregon","2012","No Data","",
"41","Oregon","2013","30","",
"41","Oregon","2014","20","",
"41","Oregon","2015","40","",
"41","Oregon","2016","No Data","",
"41","Oregon","2017","90","",
"41","Oregon","2018","40","",
"41","Oregon","2019","No Data","",
"41","Oregon","2020","No Data","",
"42","Pennsylvania","2011","90","",
"42","Pennsylvania","2012","40","",
"42","Pennsylvania","2013","130","",
"42","Pennsylvania","2014","410","",
"42","Pennsylvania","2015","80","",
"42","Pennsylvania","2016","30","",
"42","Pennsylvania","2017","30","",
"42","Pennsylvania","2018","80","",
"42","Pennsylvania","2019","100","",
"42","Pennsylvania","2020","50","",
"44","Rhode Island","2011","No Data","",
"44","Rhode Island","2012","No Data","",
"44","Rhode Island","2013","No Data","",
"44","Rhode Island","2014","No Data","",
"44","Rhode Island","2015","No Data","",
"44","Rhode Island","2016","No Data","",
"44","Rhode Island","2017","No Data","",
"44","Rhode Island","2018","No Data","",
"44","Rhode Island","2019","No Data","",
"44","Rhode Island","2020","No Data","",
"45","South Carolina","2011","90","",
"45","South Carolina","2012","20","",
"45","South Carolina","2013","40","",
"45","South Carolina","2014","60","",
"45","South Carolina","2015","150","",
"45","South Carolina","2016","450","",
"45","South Carolina","2017","80","",
"45","South Carolina","2018","70","",
"45","South Carolina","2019","110","",
"45","South Carolina","2020","20","",
"46","South Dakota","2011","No Data","",
"46","South Dakota","2012","No Data","",
"46","South Dakota","2013","No Data","",
"46","South Dakota","2014","No Data","",
"46","South Dakota","2015","No Data","",
"46","South Dakota","2016","No Data","",
"46","South Dakota","2017","No Data","",
"46","South Dakota","2018","No Data","",
"46","South Dakota","2019","No Data","",
"46","South Dakota","2020","No Data","",
"47","Tennessee","2011","180","",
"47","Tennessee","2012","140","",
"47","Tennessee","2013","160","",
"47","Tennessee","2014","90","",
"47","Tennessee","2015","40","",
"47","Tennessee","2016","120","",
"47","Tennessee","2017","60","",
"47","Tennessee","2018","70","",
"47","Tennessee","2019","140","",
"47","Tennessee","2020","380","",
"48","Texas","2011","770","",
"48","Texas","2012","700","",
"48","Texas","2013","480","",
"48","Texas","2014","310","",
"48","Texas","2015","340","",
"48","Texas","2016","470","",
"48","Texas","2017","170","",
"48","Texas","2018","270","",
"48","Texas","2019","350","",
"48","Texas","2020","170","",
"49","Utah","2011","No Data","",
"49","Utah","2012","20","",
"49","Utah","2013","No Data","",
"49","Utah","2014","No Data","",
"49","Utah","2015","No Data","",
"49","Utah","2016","No Data","",
"49","Utah","2017","No Data","",
"49","Utah","2018","No Data","",
"49","Utah","2019","No Data","",
"49","Utah","2020","No Data","",
"50","Vermont","2011","No Data","",
"50","Vermont","2012","40","",
"50","Vermont","2013","No Data","",
"50","Vermont","2014","No Data","",
"50","Vermont","2015","No Data","",
"50","Vermont","2016","No Data","",
"50","Vermont","2017","No Data","",
"50","Vermont","2018","No Data","",
"50","Vermont","2019","No Data","",
"50","Vermont","2020","No Data","",
"51","Virginia","2011","90","",
"51","Virginia","2012","90","",
"51","Virginia","2013","60","",
"51","Virginia","2014","40","",
"51","Virginia","2015","100","",
"51","Virginia","2016","100","",
"51","Virginia","2017","30","",
"51","Virginia","2018","110","",
"51","Virginia","2019","140","",
"51","Virginia","2020","120","",
"53","Washington","2011","40","",
"53","Washington","2012","30","",
"53","Washington","2013","20","",
"53","Washington","2014","No Data","",
"53","Washington","2015","60","",
"53","Washington","2016","No Data","",
"53","Washington","2017","20","",
"53","Washington","2018","20","",
"53","Washington","2019","No Data","",
"53","Washington","2020","30","",
"54","West Virginia","2011","30","",
"54","West Virginia","2012","30","",
"54","West Virginia","2013","20","",
"54","West Virginia","2014","No Data","",
"54","West Virginia","2015","No Data","",
"54","West Virginia","2016","No Data","",
"54","West Virginia","2017","20","",
"54","West Virginia","2018","No Data","",
"54","West Virginia","2019","No Data","",
"54","West Virginia","2020","No Data","",
"55","Wisconsin","2011","90","",
"55","Wisconsin","2012","70","",
"55","Wisconsin","2013","30","",
"55","Wisconsin","2014","20","",
"55","Wisconsin","2015","50","",
"55","Wisconsin","2016","20","",
"55","Wisconsin","2017","50","",
"55","Wisconsin","2018","70","",
"55","Wisconsin","2019","20","",
"55","Wisconsin","2020","20","",
"56","Wyoming","2011","No Data","",
"56","Wyoming","2012","No Data","",
"56","Wyoming","2013","No Data","",
"56","Wyoming","2014","No Data","",
"56","Wyoming","2015","No Data","",
"56","Wyoming","2016","No Data","",
"56","Wyoming","2017","No Data","",
"56","Wyoming","2018","No Data","",
"56","Wyoming","2019","No Data","",
"56","Wyoming","2020","No Data","",
"66","Guam","2011","No Data","",
"66","Guam","2012","No Data","",
"66","Guam","2013","No Data","",
"66","Guam","2014","No Data","",
"66","Guam","2015","No Data","",
"66","Guam","2016","No Data","",
"66","Guam","2017","No Data","",
"66","Guam","2018","No Data","",
"66","Guam","2019","No Data","",
"66","Guam","2020","No Data","",
"72","Puerto Rico","2011","No Data","",
"72","Puerto Rico","2012","No Data","",
"72","Puerto Rico","2013","No Data","",
"72","Puerto Rico","2014","No Data","",
"72","Puerto Rico","2015","No Data","",
"72","Puerto Rico","2016","No Data","",
"72","Puerto Rico","2017","No Data","",
"72","Puerto Rico","2018","No Data","",
"72","Puerto Rico","2019","No Data","",
"72","Puerto Rico","2020","No Data","",
